과목코드+분반코드,과목명,전체,1학년,2학년,3학년,4학년
AAT2002-01,Humanities & creativity,0.37 : 1,쿼터없음,0.31 : 1,0.17 : 1,신청없음
AAT2003-01,Intro to Digital Arts,0.54 : 1,쿼터없음,0.21 : 1,0.31 : 1,0.14 : 1
AAT2004-01,Intro to Creative Computing,0.34 : 1,쿼터없음,0.24 : 1,0.08 : 1,0.12 : 1
AAT2005-01,Creative Capstone Project I,0.27 : 1,쿼터없음,쿼터없음,0.20 : 1,0.19 : 1
AAT2006-01,Creative Capstone Project II,0.13 : 1,쿼터없음,쿼터없음,신청없음,0.13 : 1
AAT3002-01,"Content Planning, Development & Business",0.46 : 1,쿼터없음,0.07 : 1,0.21 : 1,0.32 : 1
AAT3005-01,Visual Design,1.46 : 1,쿼터없음,1.47 : 1,0.67 : 1,1.90 : 1
AAT3006-01,Spatial Dynamics,0.83 : 1,쿼터없음,1.20 : 1,0.20 : 1,0.47 : 1
AAT3007-01,Intro to Web Development,1.97 : 1,쿼터없음,1.00 : 1,2.07 : 1,4.60 : 1
AAT3008-01,Creative Algorithms,0.40 : 1,쿼터없음,0.47 : 1,0.09 : 1,0.15 : 1
AAT3009-01,Sound Design,0.57 : 1,쿼터없음,0.40 : 1,0.17 : 1,0.40 : 1
AAT3010-01,Visual Story,2.14 : 1,쿼터없음,1.27 : 1,1.53 : 1,6.60 : 1
AAT3015-01,3D Modeling Studio,0.83 : 1,쿼터없음,0.93 : 1,0.13 : 1,0.68 : 1
AAT4004-01,Media Arts Studio,0.23 : 1,쿼터없음,0.07 : 1,0.03 : 1,0.18 : 1
AAT4005-01,Game Studio,0.11 : 1,쿼터없음,0.13 : 1,신청없음,0.06 : 1
AAT4006-01,3D Animation Studio,0.54 : 1,쿼터없음,0.27 : 1,0.23 : 1,0.36 : 1
AAT4009-01,Physical Computing Studio,0.09 : 1,쿼터없음,신청없음,0.03 : 1,0.06 : 1
AAT4010-01,Mobile Studio,0.26 : 1,쿼터없음,신청없음,0.07 : 1,0.21 : 1
AAT4015-01,졸업창작프로젝트I,0.03 : 1,쿼터없음,쿼터없음,신청없음,0.03 : 1
AAT4016-01,졸업창작프로젝트II,0.03 : 1,쿼터없음,쿼터없음,신청없음,0.03 : 1
AIC4010-01,인공지능종합설계Ⅰ,0.05 : 1,쿼터없음,쿼터없음,쿼터없음,0.05 : 1
AIC4012-01,AI기반기술경영및정책,0.05 : 1,쿼터없음,신청없음,0.05 : 1,0.02 : 1
AMC2020-01,문화와글쓰기,1.35 : 1,1.43 : 1,0.57 : 1,1.00 : 1,2.33 : 1
AMC2031-01,미국학입문,0.40 : 1,0.67 : 1,0.07 : 1,0.06 : 1,0.10 : 1
AMC2033-01,미국문화사,0.74 : 1,2.60 : 1,0.20 : 1,0.15 : 1,0.12 : 1
AMC3037-01,미국영웅,0.48 : 1,쿼터없음,0.60 : 1,0.14 : 1,0.25 : 1
AMC3040-01,대중음악,1.20 : 1,쿼터없음,1.33 : 1,0.93 : 1,1.27 : 1
AMC3070-01,문화적정체성,0.15 : 1,쿼터없음,신청없음,0.07 : 1,0.11 : 1
AMC3075-01,미국의지역문화,0.18 : 1,쿼터없음,0.20 : 1,0.11 : 1,0.03 : 1
AMC4135-01,젠더세미나,0.35 : 1,쿼터없음,신청없음,0.08 : 1,0.32 : 1
AMC4150-01,미국원주민계문화,0.28 : 1,쿼터없음,0.10 : 1,0.08 : 1,0.22 : 1
BDS4010-01,빅데이터종합설계,0.40 : 1,쿼터없음,쿼터없음,0.13 : 1,0.36 : 1
BIO1101-01,일반생물학I,0.43 : 1,0.33 : 1,0.22 : 1,0.16 : 1,0.10 : 1
BIO1102-01,일반생물학II,0.45 : 1,0.35 : 1,0.15 : 1,0.16 : 1,0.14 : 1
BIO1102-02,일반생물학II,0.79 : 1,0.80 : 1,0.46 : 1,0.48 : 1,0.26 : 1
BIO1102-03,일반생물학II,0.27 : 1,0.17 : 1,0.11 : 1,0.02 : 1,쿼터없음
BIO1106-01,일반생물학실험II,0.33 : 1,0.20 : 1,0.09 : 1,0.17 : 1,쿼터없음
BIO1106-02,일반생물학실험II,0.67 : 1,0.10 : 1,0.25 : 1,0.45 : 1,쿼터없음
BIO1106-03,일반생물학실험II,0.20 : 1,0.20 : 1,신청없음,0.08 : 1,쿼터없음
BIO1106-04,일반생물학실험II,0.33 : 1,0.50 : 1,신청없음,신청없음,쿼터없음
BIO1106-05,일반생물학실험II,1.27 : 1,1.70 : 1,0.33 : 1,0.25 : 1,쿼터없음
BIO1106-06,일반생물학실험II,0.47 : 1,0.30 : 1,신청없음,0.25 : 1,쿼터없음
BIO1106-07,일반생물학실험II,0.87 : 1,1.10 : 1,신청없음,0.40 : 1,쿼터없음
BIO1106-08,일반생물학실험II,0.33 : 1,0.40 : 1,신청없음,0.09 : 1,쿼터없음
BIO1106-09,일반생물학실험II,0.40 : 1,0.30 : 1,신청없음,0.08 : 1,쿼터없음
BIO1106-10,일반생물학실험II,0.47 : 1,0.30 : 1,0.30 : 1,신청없음,쿼터없음
BIO2122-01,현대생물학실험II,0.69 : 1,신청없음,0.56 : 1,0.14 : 1,0.43 : 1
BIO2122-02,현대생물학실험II,0.92 : 1,신청없음,0.89 : 1,신청없음,0.80 : 1
BIO2122-03,현대생물학실험II,1.38 : 1,신청없음,1.78 : 1,0.67 : 1,신청없음
BIO2122-04,현대생물학실험II,0.69 : 1,신청없음,0.56 : 1,0.57 : 1,신청없음
BIO2132-01,생화학II,0.55 : 1,신청없음,0.34 : 1,0.19 : 1,0.28 : 1
BIO2151-01,분자생물학,0.66 : 1,신청없음,0.62 : 1,0.31 : 1,0.12 : 1
BIO2522-01,식물생명과학,0.41 : 1,신청없음,0.40 : 1,0.18 : 1,0.05 : 1
BIO2701-01,환경과학론,0.22 : 1,신청없음,0.10 : 1,0.13 : 1,0.07 : 1
BIO3124-01,현대생물학실험IV,1.25 : 1,쿼터없음,신청없음,1.11 : 1,1.67 : 1
BIO3124-02,현대생물학실험IV,0.75 : 1,쿼터없음,신청없음,0.78 : 1,0.40 : 1
BIO3124-03,현대생물학실험IV,1.25 : 1,쿼터없음,0.50 : 1,1.00 : 1,2.00 : 1
BIO3124-04,현대생물학실험IV,0.25 : 1,쿼터없음,신청없음,0.33 : 1,신청없음
BIO3161-01,유전학,0.06 : 1,신청없음,신청없음,0.04 : 1,0.02 : 1
BIO3711-01,미생물학,0.28 : 1,신청없음,신청없음,0.21 : 1,0.11 : 1
BIO4203-01,생명과학특허와기술이전,0.01 : 1,신청없음,신청없음,신청없음,0.01 : 1
BIO4251-01,생물통계학,1.00 : 1,쿼터없음,쿼터없음,0.88 : 1,1.00 : 1
BIO4331-01,신경생물학,0.30 : 1,쿼터없음,0.05 : 1,0.33 : 1,0.14 : 1
BIO4441-01,분자세포생물학,0.32 : 1,쿼터없음,신청없음,0.30 : 1,0.19 : 1
BIO4721-01,분자세포종양학,0.19 : 1,쿼터없음,신청없음,0.10 : 1,0.14 : 1
BIO4911-01,식물유전공학,0.04 : 1,쿼터없음,신청없음,0.04 : 1,0.02 : 1
BIO4921-01,특수연구,0.10 : 1,쿼터없음,쿼터없음,쿼터없음,0.10 : 1
BIO4931-01,응용바이오기술실험,0.30 : 1,쿼터없음,쿼터없음,쿼터없음,0.30 : 1
BIOG001-01,바이오텍의기술사업화종합설계,0.03 : 1,쿼터없음,쿼터없음,신청없음,0.03 : 1
BNT3002-01,바이오융합기술프로젝트II,0.30 : 1,쿼터없음,쿼터없음,0.30 : 1,0.18 : 1
BNT3009-01,바이오모방공학개론,0.03 : 1,쿼터없음,쿼터없음,0.07 : 1,신청없음
BNTG001-01,바이오테크놀로지,0.63 : 1,쿼터없음,쿼터없음,0.60 : 1,0.48 : 1
BNTG006-01,바이오기술과투자기초,0.08 : 1,쿼터없음,신청없음,0.07 : 1,0.04 : 1
BNTG031-01,지식재산권과특허,0.40 : 1,쿼터없음,쿼터없음,0.33 : 1,0.28 : 1
BNTG032-01,의공학개론II,0.10 : 1,쿼터없음,쿼터없음,0.10 : 1,0.05 : 1
CBE2002-01,창의설계,1.77 : 1,1.60 : 1,1.80 : 1,쿼터없음,쿼터없음
CBE2002-02,창의설계,0.87 : 1,0.68 : 1,0.46 : 1,쿼터없음,쿼터없음
CBE2002-03,창의설계,0.13 : 1,0.04 : 1,0.03 : 1,쿼터없음,쿼터없음
CBE2002-04,창의설계,0.20 : 1,0.16 : 1,신청없음,쿼터없음,쿼터없음
CBE2006-01,응용생물학,0.30 : 1,0.22 : 1,0.11 : 1,쿼터없음,쿼터없음
CBE2006-02,응용생물학,0.50 : 1,0.40 : 1,0.17 : 1,쿼터없음,쿼터없음
CBE2007-01,응용생화학,0.69 : 1,쿼터없음,0.60 : 1,0.32 : 1,쿼터없음
CBE2007-02,응용생화학,0.81 : 1,쿼터없음,0.68 : 1,0.48 : 1,쿼터없음
CBE2009-01,화공생명공학기초실험II,1.35 : 1,쿼터없음,1.20 : 1,1.80 : 1,쿼터없음
CBE2009-02,화공생명공학기초실험II,1.40 : 1,쿼터없음,1.53 : 1,1.00 : 1,쿼터없음
CBE2009-03,화공생명공학기초실험II,0.35 : 1,쿼터없음,0.33 : 1,0.13 : 1,쿼터없음
CBE2009-04,화공생명공학기초실험II,1.30 : 1,쿼터없음,1.47 : 1,0.80 : 1,쿼터없음
CBE2012-01,화공수학II,0.76 : 1,쿼터없음,0.55 : 1,0.57 : 1,0.15 : 1
CBE2012-02,화공수학II,0.63 : 1,쿼터없음,0.49 : 1,0.24 : 1,0.24 : 1
CBE3001-01,화공열역학,0.71 : 1,쿼터없음,0.55 : 1,0.35 : 1,쿼터없음
CBE3001-02,화공열역학,0.83 : 1,쿼터없음,0.63 : 1,0.59 : 1,쿼터없음
CBE3005-01,열및물질전달,0.66 : 1,쿼터없음,쿼터없음,0.55 : 1,0.35 : 1
CBE3005-02,열및물질전달,0.20 : 1,쿼터없음,쿼터없음,0.20 : 1,0.03 : 1
CBE3006-01,공정제어,1.07 : 1,쿼터없음,쿼터없음,0.93 : 1,1.36 : 1
CBE3008-01,고분자물성,1.16 : 1,쿼터없음,쿼터없음,1.37 : 1,0.94 : 1
CBE3012-01,화공수학III,0.23 : 1,쿼터없음,쿼터없음,0.09 : 1,0.19 : 1
CBE3014-01,유전공학,0.14 : 1,쿼터없음,쿼터없음,0.10 : 1,0.06 : 1
CBE3016-01,화공생명공학요소실험II,1.10 : 1,쿼터없음,쿼터없음,1.07 : 1,1.20 : 1
CBE3016-02,화공생명공학요소실험II,0.80 : 1,쿼터없음,쿼터없음,0.93 : 1,0.33 : 1
CBE3016-03,화공생명공학요소실험II,0.85 : 1,쿼터없음,쿼터없음,1.00 : 1,0.40 : 1
CBE3016-04,화공생명공학요소실험II,0.80 : 1,쿼터없음,쿼터없음,1.00 : 1,0.20 : 1
CBE3303-01,연구프로젝트Ⅲ,0.30 : 1,쿼터없음,쿼터없음,0.10 : 1,0.26 : 1
CBE3303-02,연구프로젝트Ⅲ,0.30 : 1,쿼터없음,쿼터없음,0.50 : 1,0.07 : 1
CBE3303-03,연구프로젝트Ⅲ,0.35 : 1,쿼터없음,쿼터없음,0.30 : 1,0.24 : 1
CBE3303-04,연구프로젝트Ⅲ,0.20 : 1,쿼터없음,쿼터없음,0.30 : 1,0.06 : 1
CBE3303-05,연구프로젝트Ⅲ,0.55 : 1,쿼터없음,쿼터없음,0.50 : 1,0.40 : 1
CBE4001-01,화공생명공학심화종합설계Ⅱ,0.97 : 1,쿼터없음,쿼터없음,신청없음,0.97 : 1
CBE4001-02,화공생명공학심화종합설계Ⅱ,0.90 : 1,쿼터없음,쿼터없음,0.10 : 1,0.90 : 1
CBE4010-01,화공재료,0.43 : 1,쿼터없음,0.10 : 1,0.46 : 1,0.22 : 1
CBE4019-01,기능성고분자화학,0.36 : 1,쿼터없음,쿼터없음,0.26 : 1,0.26 : 1
CBE4020-01,에너지공학,1.41 : 1,쿼터없음,쿼터없음,1.54 : 1,1.29 : 1
CBE4021-01,나노기술의이해,0.66 : 1,쿼터없음,0.51 : 1,쿼터없음,쿼터없음
CHI2001-01,전공기초중국어1,0.23 : 1,0.20 : 1,0.29 : 1,신청없음,0.08 : 1
CHI2003-01,기초한문,2.00 : 1,3.30 : 1,1.10 : 1,1.20 : 1,2.40 : 1
CHI2007-01,중국문학의세계,1.13 : 1,1.40 : 1,1.00 : 1,0.60 : 1,1.22 : 1
CHI3002-01,중국어작문1,0.30 : 1,0.10 : 1,0.26 : 1,0.04 : 1,0.15 : 1
CHI3003-01,중국어3,1.43 : 1,2.40 : 1,1.50 : 1,1.00 : 1,1.20 : 1
CHI3007-01,중국어회화2,0.17 : 1,0.20 : 1,0.06 : 1,신청없음,0.07 : 1
CHI3013-01,중국의공연예술,1.67 : 1,2.40 : 1,1.90 : 1,1.00 : 1,1.80 : 1
CHI3019-01,중국언어로보는중국문화,0.10 : 1,0.10 : 1,신청없음,0.03 : 1,0.05 : 1
CHI3022-01,대만사회와문화,0.40 : 1,신청없음,0.07 : 1,0.08 : 1,0.33 : 1
CHI3032-01,루쉰과현대,1.10 : 1,0.60 : 1,0.83 : 1,0.67 : 1,1.33 : 1
CHI4002-01,제자백가의이해,0.18 : 1,신청없음,신청없음,0.17 : 1,0.06 : 1
CHI4007-01,중국어통번역,0.60 : 1,신청없음,0.20 : 1,0.46 : 1,0.33 : 1
CHI4009-01,중국미디어와도시,0.27 : 1,신청없음,신청없음,0.08 : 1,0.21 : 1
CHI4014-01,글로벌라이제이션과중국,0.40 : 1,신청없음,0.50 : 1,0.20 : 1,0.18 : 1
CHI4015-01,중국진출기업의문화적현지화(캡스톤디자인),0.47 : 1,0.20 : 1,0.14 : 1,0.09 : 1,0.36 : 1
CHM1001-01,일반화학I,0.47 : 1,0.28 : 1,0.19 : 1,0.14 : 1,0.07 : 1
CHM1002-01,일반화학II,0.31 : 1,0.07 : 1,0.22 : 1,0.07 : 1,0.02 : 1
CHM1002-02,일반화학II,0.84 : 1,0.75 : 1,0.35 : 1,0.39 : 1,0.25 : 1
CHM1002-03,일반화학II,0.64 : 1,0.33 : 1,0.31 : 1,0.19 : 1,0.21 : 1
CHM1002-04,일반화학II,0.85 : 1,0.37 : 1,0.47 : 1,0.39 : 1,0.50 : 1
CHM1002-05,일반화학II,1.05 : 1,0.78 : 1,0.61 : 1,0.92 : 1,1.67 : 1
CHM1052-01,일반화학실험II,0.56 : 1,0.45 : 1,0.14 : 1,0.29 : 1,0.13 : 1
CHM1052-02,일반화학실험II,1.00 : 1,0.82 : 1,0.33 : 1,1.33 : 1,0.67 : 1
CHM1052-03,일반화학실험II,0.31 : 1,0.27 : 1,0.11 : 1,신청없음,0.08 : 1
CHM1052-04,일반화학실험II,0.13 : 1,0.09 : 1,신청없음,0.08 : 1,신청없음
CHM1052-05,일반화학실험II,1.31 : 1,1.31 : 1,쿼터없음,쿼터없음,쿼터없음
CHM1052-06,일반화학실험II,0.63 : 1,0.82 : 1,0.33 : 1,신청없음,신청없음
CHM1052-07,일반화학실험II,0.88 : 1,0.69 : 1,쿼터없음,쿼터없음,쿼터없음
CHM1052-08,일반화학실험II,0.94 : 1,0.91 : 1,1.50 : 1,2.00 : 1,신청없음
CHM1052-09,일반화학실험II,0.19 : 1,0.18 : 1,0.10 : 1,신청없음,신청없음
CHM1052-10,일반화학실험II,0.38 : 1,0.55 : 1,신청없음,신청없음,신청없음
CHM1052-11,일반화학실험II,0.94 : 1,1.09 : 1,1.00 : 1,1.00 : 1,0.33 : 1
CHM1052-12,일반화학실험II,0.88 : 1,0.91 : 1,1.50 : 1,신청없음,0.25 : 1
CHM1052-13,일반화학실험II,0.13 : 1,0.13 : 1,쿼터없음,쿼터없음,쿼터없음
CHM1052-14,일반화학실험II,1.69 : 1,1.91 : 1,2.00 : 1,2.00 : 1,0.67 : 1
CHM1052-15,일반화학실험II,0.56 : 1,0.27 : 1,0.22 : 1,0.25 : 1,0.22 : 1
CHM1052-16,일반화학실험II,0.31 : 1,0.27 : 1,신청없음,0.10 : 1,0.08 : 1
CHM2102-01,기기분석,0.30 : 1,신청없음,0.20 : 1,0.18 : 1,0.15 : 1
CHM2152-01,기기분석실험,1.89 : 1,신청없음,1.50 : 1,7.00 : 1,1.21 : 1
CHM2152-02,기기분석실험,1.00 : 1,신청없음,신청없음,1.00 : 1,1.00 : 1
CHM2201-01,물리화학I,0.54 : 1,0.20 : 1,0.39 : 1,0.17 : 1,0.18 : 1
CHM2203-01,물리화학III,0.12 : 1,신청없음,0.03 : 1,0.10 : 1,0.05 : 1
CHM2252-01,물리화학실험II,0.41 : 1,신청없음,신청없음,0.25 : 1,0.32 : 1
CHM2302-01,유기화학II,0.55 : 1,신청없음,0.25 : 1,0.24 : 1,0.28 : 1
CHM2302-02,유기화학II,0.14 : 1,신청없음,0.07 : 1,0.04 : 1,0.05 : 1
CHM2332-01,유기화학특론II,0.13 : 1,신청없음,신청없음,0.06 : 1,0.10 : 1
CHM2351-01,유기화학실험I,0.69 : 1,신청없음,0.45 : 1,0.43 : 1,0.20 : 1
CHM2351-02,유기화학실험I,1.31 : 1,신청없음,1.27 : 1,2.00 : 1,1.00 : 1
CHM2351-03,유기화학실험I,1.23 : 1,신청없음,0.73 : 1,1.25 : 1,3.00 : 1
CHM2351-04,유기화학실험I,0.23 : 1,신청없음,0.18 : 1,0.10 : 1,신청없음
CHM2402-01,무기화학II,0.16 : 1,신청없음,신청없음,0.08 : 1,0.11 : 1
CHM2451-01,무기화학실험,0.56 : 1,신청없음,신청없음,0.40 : 1,0.42 : 1
CHM2451-02,무기화학실험,0.75 : 1,신청없음,신청없음,1.00 : 1,0.33 : 1
CHM2451-03,무기화학실험,1.31 : 1,신청없음,신청없음,1.20 : 1,1.50 : 1
CHM2451-04,무기화학실험,0.06 : 1,신청없음,신청없음,0.25 : 1,신청없음
CHM2601-01,생화학I,0.47 : 1,신청없음,0.45 : 1,0.44 : 1,0.15 : 1
CHM4052-01,창의적연구프로젝트설계,0.23 : 1,쿼터없음,쿼터없음,신청없음,0.23 : 1
CHM4203-01,화학특허와기술이전,0.05 : 1,신청없음,신청없음,신청없음,0.05 : 1
CHMG302-01,고급유기화학II,0.04 : 1,신청없음,0.01 : 1,신청없음,0.04 : 1
CHMG501-01,고급생화학,0.13 : 1,신청없음,신청없음,0.03 : 1,0.11 : 1
CHS2001-01,한국문화와역사,0.33 : 1,0.08 : 1,0.06 : 1,0.10 : 1,0.18 : 1
CHS2002-01,현대한국의형성,0.71 : 1,0.40 : 1,0.22 : 1,0.32 : 1,0.38 : 1
CHS2002-02,현대한국의형성,0.11 : 1,0.13 : 1,0.02 : 1,신청없음,0.04 : 1
CHS2002-03,현대한국의형성,0.21 : 1,0.18 : 1,0.05 : 1,0.05 : 1,0.06 : 1
CHS2002-04,현대한국의형성,0.09 : 1,신청없음,0.01 : 1,0.04 : 1,0.04 : 1
CHS2002-05,현대한국의형성,0.35 : 1,0.43 : 1,0.09 : 1,0.04 : 1,0.07 : 1
CHS2003-01,현대동아시아의형성,0.19 : 1,0.10 : 1,0.05 : 1,0.09 : 1,0.03 : 1
CHS2003-02,현대동아시아의형성,0.01 : 1,신청없음,0.01 : 1,신청없음,신청없음
CHS2003-03,현대동아시아의형성,0.80 : 1,0.58 : 1,0.40 : 1,0.42 : 1,0.33 : 1
CHS2004-01,현대서양의형성,0.23 : 1,0.05 : 1,0.10 : 1,0.05 : 1,0.09 : 1
CHS2004-02,현대서양의형성,0.26 : 1,0.25 : 1,0.03 : 1,0.06 : 1,0.08 : 1
CHS2004-03,현대서양의형성,0.13 : 1,0.10 : 1,0.03 : 1,0.03 : 1,0.03 : 1
CHU4005-01,인물로본중국사,3.30 : 1,2.90 : 1,3.15 : 1,2.65 : 1,4.50 : 1
CHU4007-01,인물로본서양사,0.31 : 1,0.10 : 1,0.13 : 1,0.04 : 1,0.23 : 1
CHU4011-01,영화로본역사,0.34 : 1,0.10 : 1,0.16 : 1,0.12 : 1,0.20 : 1
CHU4013-01,문학작품으로읽는한국사,0.05 : 1,0.10 : 1,0.03 : 1,신청없음,0.01 : 1
COR1003-01,영어글로벌의사소통I,2.58 : 1,3.15 : 1,1.50 : 1,0.50 : 1,신청없음
COR1003-02,영어글로벌의사소통I,1.77 : 1,1.55 : 1,3.50 : 1,3.00 : 1,1.00 : 1
COR1003-03,영어글로벌의사소통I,0.12 : 1,0.10 : 1,0.05 : 1,신청없음,신청없음
COR1003-04,영어글로벌의사소통I,0.04 : 1,0.05 : 1,신청없음,신청없음,신청없음
COR1003-05,영어글로벌의사소통I,0.88 : 1,0.90 : 1,0.75 : 1,0.67 : 1,신청없음
COR1003-06,영어글로벌의사소통I,0.77 : 1,0.80 : 1,0.50 : 1,0.20 : 1,신청없음
COR1003-07,영어글로벌의사소통I,1.96 : 1,2.25 : 1,2.00 : 1,0.50 : 1,0.33 : 1
COR1003-08,영어글로벌의사소통I,0.04 : 1,0.05 : 1,신청없음,신청없음,신청없음
COR1003-09,영어글로벌의사소통I,0.23 : 1,0.25 : 1,신청없음,신청없음,0.05 : 1
COR1003-10,영어글로벌의사소통I,0.38 : 1,0.45 : 1,신청없음,0.07 : 1,신청없음
COR1003-11,영어글로벌의사소통I,0.46 : 1,0.55 : 1,0.09 : 1,신청없음,신청없음
COR1003-12,영어글로벌의사소통I,2.00 : 1,1.90 : 1,4.00 : 1,2.00 : 1,1.00 : 1
COR1003-13,영어글로벌의사소통I,2.08 : 1,2.35 : 1,2.50 : 1,0.50 : 1,0.33 : 1
COR1003-14,영어글로벌의사소통I,0.65 : 1,0.65 : 1,0.33 : 1,0.13 : 1,신청없음
COR1003-15,영어글로벌의사소통I,0.62 : 1,0.55 : 1,0.27 : 1,0.10 : 1,0.09 : 1
COR1003-16,영어글로벌의사소통I,0.08 : 1,0.05 : 1,신청없음,신청없음,0.04 : 1
COR1003-17,영어글로벌의사소통I,0.23 : 1,0.30 : 1,신청없음,신청없음,신청없음
COR1003-18,영어글로벌의사소통I,0.38 : 1,0.40 : 1,신청없음,0.06 : 1,0.06 : 1
COR1003-19,영어글로벌의사소통I,0.69 : 1,0.65 : 1,0.44 : 1,0.14 : 1,신청없음
COR1003-20,영어글로벌의사소통I,0.46 : 1,0.50 : 1,0.08 : 1,0.08 : 1,신청없음
COR1003-21,영어글로벌의사소통I,0.38 : 1,0.30 : 1,0.25 : 1,신청없음,신청없음
COR1003-22,영어글로벌의사소통I,0.23 : 1,0.25 : 1,0.06 : 1,신청없음,신청없음
COR1003-23,영어글로벌의사소통I,0.27 : 1,0.10 : 1,0.05 : 1,0.05 : 1,0.14 : 1
COR1003-24,영어글로벌의사소통I,1.19 : 1,0.55 : 1,1.27 : 1,1.50 : 1,1.50 : 1
COR1003-25,영어글로벌의사소통I,0.77 : 1,0.70 : 1,0.13 : 1,0.33 : 1,0.25 : 1
COR1003-26,영어글로벌의사소통I,1.04 : 1,0.40 : 1,0.64 : 1,0.57 : 1,1.20 : 1
COR1005-01,영어글로벌의사소통I(고급),0.46 : 1,0.35 : 1,신청없음,0.12 : 1,0.18 : 1
COR1007-01,성찰과성장,쿼터없음,쿼터없음,쿼터없음,쿼터없음,쿼터없음
COR1009-01,컴퓨팅사고력,1.24 : 1,1.16 : 1,3.50 : 1,1.00 : 1,1.00 : 1
COR1009-02,컴퓨팅사고력,0.48 : 1,0.34 : 1,0.14 : 1,0.10 : 1,0.03 : 1
COR1009-03,컴퓨팅사고력,0.27 : 1,0.13 : 1,0.14 : 1,0.02 : 1,0.02 : 1
COR1009-04,컴퓨팅사고력,0.56 : 1,0.48 : 1,0.14 : 1,0.08 : 1,신청없음
COR1009-05,컴퓨팅사고력,0.44 : 1,0.36 : 1,0.12 : 1,0.06 : 1,신청없음
COR1009-06,컴퓨팅사고력,0.30 : 1,0.24 : 1,0.07 : 1,0.02 : 1,0.02 : 1
COR1009-07,컴퓨팅사고력,0.35 : 1,0.18 : 1,0.17 : 1,0.05 : 1,0.03 : 1
COR1009-08,컴퓨팅사고력,0.25 : 1,0.15 : 1,0.10 : 1,0.02 : 1,0.02 : 1
COR1009-09,컴퓨팅사고력,1.76 : 1,1.40 : 1,8.50 : 1,5.00 : 1,3.00 : 1
COR1009-10,컴퓨팅사고력,0.46 : 1,0.38 : 1,0.12 : 1,신청없음,0.06 : 1
COR1009-11,컴퓨팅사고력,4.25 : 1,3.64 : 1,21.50 : 1,5.00 : 1,2.00 : 1
COR1009-12,컴퓨팅사고력,3.41 : 1,2.66 : 1,18.00 : 1,9.00 : 1,6.00 : 1
COR1009-13,컴퓨팅사고력,0.78 : 1,0.56 : 1,0.33 : 1,0.18 : 1,0.20 : 1
COR1009-14,컴퓨팅사고력,0.75 : 1,0.38 : 1,0.53 : 1,0.21 : 1,0.06 : 1
COR1009-15,컴퓨팅사고력,0.34 : 1,0.32 : 1,0.03 : 1,0.03 : 1,신청없음
COR1012-01,인문사회글쓰기,1.03 : 1,1.12 : 1,1.00 : 1,0.50 : 1,신청없음
COR1012-02,인문사회글쓰기,1.03 : 1,0.84 : 1,0.83 : 1,1.00 : 1,2.00 : 1
COR1012-03,인문사회글쓰기,3.47 : 1,3.44 : 1,6.00 : 1,1.00 : 1,4.00 : 1
COR1012-04,인문사회글쓰기,0.20 : 1,0.20 : 1,신청없음,0.04 : 1,신청없음
COR1012-05,인문사회글쓰기,0.30 : 1,0.16 : 1,0.09 : 1,0.04 : 1,0.09 : 1
COR1012-06,인문사회글쓰기,0.20 : 1,0.20 : 1,신청없음,0.04 : 1,신청없음
COR1012-07,인문사회글쓰기,0.23 : 1,0.24 : 1,신청없음,신청없음,0.04 : 1
COR1012-08,인문사회글쓰기,2.60 : 1,2.32 : 1,7.00 : 1,3.00 : 1,신청없음
COR1012-09,인문사회글쓰기,3.00 : 1,3.00 : 1,5.00 : 1,1.00 : 1,3.00 : 1
COR1012-10,인문사회글쓰기,0.03 : 1,신청없음,0.04 : 1,신청없음,신청없음
COR1012-11,인문사회글쓰기,0.07 : 1,0.04 : 1,신청없음,신청없음,0.03 : 1
COR1012-12,인문사회글쓰기,0.13 : 1,0.12 : 1,신청없음,신청없음,0.04 : 1
COR1012-13,인문사회글쓰기,3.00 : 1,2.88 : 1,6.00 : 1,2.00 : 1,2.00 : 1
COR1012-14,인문사회글쓰기,1.43 : 1,1.56 : 1,0.50 : 1,1.00 : 1,신청없음
COR1012-15,인문사회글쓰기,0.47 : 1,0.40 : 1,0.24 : 1,신청없음,신청없음
COR1012-16,인문사회글쓰기,0.07 : 1,0.04 : 1,0.04 : 1,신청없음,신청없음
COR1013-01,자연계글쓰기,1.37 : 1,1.56 : 1,신청없음,0.50 : 1,신청없음
COR1013-02,자연계글쓰기,0.17 : 1,0.20 : 1,신청없음,신청없음,신청없음
COR1013-03,자연계글쓰기,1.63 : 1,1.76 : 1,1.50 : 1,0.50 : 1,0.50 : 1
COR1013-04,자연계글쓰기,0.20 : 1,0.20 : 1,신청없음,신청없음,0.04 : 1
COR1013-05,자연계글쓰기,0.33 : 1,0.36 : 1,신청없음,0.05 : 1,신청없음
COR1013-06,자연계글쓰기,0.30 : 1,0.32 : 1,신청없음,0.05 : 1,신청없음
COR1013-07,자연계글쓰기,1.70 : 1,1.84 : 1,2.00 : 1,0.50 : 1,신청없음
COR1013-08,자연계글쓰기,0.40 : 1,0.32 : 1,0.05 : 1,0.10 : 1,0.05 : 1
COR1013-09,자연계글쓰기,0.93 : 1,0.96 : 1,1.00 : 1,0.50 : 1,신청없음
COR1013-10,자연계글쓰기,0.10 : 1,0.04 : 1,0.08 : 1,신청없음,신청없음
COR1014-01,한국어글쓰기,2.20 : 1,2.90 : 1,1.60 : 1,0.80 : 1,쿼터없음
COR1014-02,한국어글쓰기,0.10 : 1,0.20 : 1,신청없음,신청없음,쿼터없음
COR1014-03,한국어글쓰기,0.40 : 1,0.70 : 1,신청없음,0.08 : 1,쿼터없음
COR1014-04,한국어글쓰기,1.05 : 1,1.90 : 1,0.40 : 1,신청없음,쿼터없음
COR1014-05,한국어글쓰기,0.30 : 1,0.60 : 1,신청없음,신청없음,쿼터없음
COR1014-06,한국어글쓰기,0.35 : 1,0.60 : 1,0.11 : 1,신청없음,쿼터없음
COR1014-07,한국어글쓰기,0.55 : 1,0.80 : 1,0.14 : 1,0.18 : 1,쿼터없음
COR1014-08,한국어글쓰기,1.60 : 1,1.60 : 1,2.40 : 1,0.40 : 1,쿼터없음
COR1015-01,알바트로스세미나,쿼터없음,쿼터없음,쿼터없음,쿼터없음,쿼터없음
COR1015-02,알바트로스세미나,쿼터없음,쿼터없음,쿼터없음,쿼터없음,쿼터없음
COR1015-03,알바트로스세미나,쿼터없음,쿼터없음,쿼터없음,쿼터없음,쿼터없음
COR1015-04,알바트로스세미나,쿼터없음,쿼터없음,쿼터없음,쿼터없음,쿼터없음
COR1015-05,알바트로스세미나,쿼터없음,쿼터없음,쿼터없음,쿼터없음,쿼터없음
COR1015-11,알바트로스세미나,쿼터없음,쿼터없음,쿼터없음,쿼터없음,쿼터없음
COR1015-14,알바트로스세미나,쿼터없음,쿼터없음,쿼터없음,쿼터없음,쿼터없음
COR1015-21,알바트로스세미나,쿼터없음,쿼터없음,쿼터없음,쿼터없음,쿼터없음
COR1015-30,알바트로스세미나,쿼터없음,쿼터없음,쿼터없음,쿼터없음,쿼터없음
COR1015-31,알바트로스세미나,쿼터없음,쿼터없음,쿼터없음,쿼터없음,쿼터없음
COR1015-32,알바트로스세미나,쿼터없음,쿼터없음,쿼터없음,쿼터없음,쿼터없음
COR1015-34,알바트로스세미나,쿼터없음,쿼터없음,쿼터없음,쿼터없음,쿼터없음
COR1015-35,알바트로스세미나,쿼터없음,쿼터없음,쿼터없음,쿼터없음,쿼터없음
COR1015-36,알바트로스세미나,쿼터없음,쿼터없음,쿼터없음,쿼터없음,쿼터없음
COR1015-37,알바트로스세미나,쿼터없음,쿼터없음,쿼터없음,쿼터없음,쿼터없음
COR1015-39,알바트로스세미나,쿼터없음,쿼터없음,쿼터없음,쿼터없음,쿼터없음
COR1015-41,알바트로스세미나,쿼터없음,쿼터없음,쿼터없음,쿼터없음,쿼터없음
COR1015-43,알바트로스세미나,쿼터없음,쿼터없음,쿼터없음,쿼터없음,쿼터없음
COR1015-46,알바트로스세미나,쿼터없음,쿼터없음,쿼터없음,쿼터없음,쿼터없음
COR1015-51,알바트로스세미나,쿼터없음,쿼터없음,쿼터없음,쿼터없음,쿼터없음
COR1015-52,알바트로스세미나,쿼터없음,쿼터없음,쿼터없음,쿼터없음,쿼터없음
COR1015-53,알바트로스세미나,쿼터없음,쿼터없음,쿼터없음,쿼터없음,쿼터없음
COR1015-54,알바트로스세미나,쿼터없음,쿼터없음,쿼터없음,쿼터없음,쿼터없음
COR1015-58,알바트로스세미나,쿼터없음,쿼터없음,쿼터없음,쿼터없음,쿼터없음
COR1015-73,알바트로스세미나,쿼터없음,쿼터없음,쿼터없음,쿼터없음,쿼터없음
CSE2003-01,기초공학설계,0.60 : 1,0.25 : 1,쿼터없음,쿼터없음,쿼터없음
CSE2035-01,C프로그래밍,0.80 : 1,0.70 : 1,쿼터없음,쿼터없음,쿼터없음
CSE2035-02,C프로그래밍,0.70 : 1,0.58 : 1,쿼터없음,쿼터없음,쿼터없음
CSE2035-03,C프로그래밍,1.08 : 1,0.90 : 1,쿼터없음,쿼터없음,쿼터없음
CSE3006-01,이산구조,1.25 : 1,0.80 : 1,쿼터없음,쿼터없음,쿼터없음
CSE3006-02,이산구조,0.78 : 1,0.58 : 1,쿼터없음,쿼터없음,쿼터없음
CSE3013-01,컴퓨터공학설계및실험I,1.33 : 1,쿼터없음,0.63 : 1,쿼터없음,쿼터없음
CSE3015-01,디지털회로개론,1.68 : 1,쿼터없음,1.20 : 1,쿼터없음,쿼터없음
CSE3015-02,디지털회로개론,1.73 : 1,쿼터없음,1.18 : 1,쿼터없음,쿼터없음
CSE3016-01,컴퓨터공학실험II,1.43 : 1,쿼터없음,1.11 : 1,쿼터없음,쿼터없음
CSE3016-02,컴퓨터공학실험II,1.54 : 1,쿼터없음,1.25 : 1,쿼터없음,쿼터없음
CSE3016-03,컴퓨터공학실험II,0.25 : 1,쿼터없음,0.11 : 1,쿼터없음,쿼터없음
CSE3016-04,컴퓨터공학실험II,1.68 : 1,쿼터없음,1.32 : 1,쿼터없음,쿼터없음
CSE3016-05,컴퓨터공학실험II,0.79 : 1,쿼터없음,0.29 : 1,쿼터없음,쿼터없음
CSE3040-01,JAVA언어,1.43 : 1,쿼터없음,0.71 : 1,쿼터없음,쿼터없음
CSE3040-02,JAVA언어,1.40 : 1,쿼터없음,0.51 : 1,쿼터없음,쿼터없음
CSE3080-01,자료구조,0.23 : 1,쿼터없음,0.17 : 1,쿼터없음,쿼터없음
CSE3080-02,자료구조,0.50 : 1,쿼터없음,0.35 : 1,쿼터없음,쿼터없음
CSE3081-01,알고리즘설계와분석,1.78 : 1,쿼터없음,0.68 : 1,쿼터없음,쿼터없음
CSE3081-02,알고리즘설계와분석,1.43 : 1,쿼터없음,0.77 : 1,쿼터없음,쿼터없음
CSE3302-01,연구프로젝트Ⅱ,쿼터없음,쿼터없음,쿼터없음,쿼터없음,쿼터없음
CSE3302-02,연구프로젝트Ⅱ,쿼터없음,쿼터없음,쿼터없음,쿼터없음,쿼터없음
CSE3302-03,연구프로젝트Ⅱ,쿼터없음,쿼터없음,쿼터없음,쿼터없음,쿼터없음
CSE4011-01,임베디드컴퓨터구조,0.71 : 1,쿼터없음,쿼터없음,0.67 : 1,0.56 : 1
CSE4060-01,데이터통신개론,0.31 : 1,쿼터없음,쿼터없음,0.32 : 1,0.17 : 1
CSE4070-01,운영체제,0.69 : 1,쿼터없음,쿼터없음,0.80 : 1,0.47 : 1
CSE4070-02,운영체제,0.46 : 1,쿼터없음,쿼터없음,0.53 : 1,0.25 : 1
CSE4085-01,자동장치이론,0.23 : 1,쿼터없음,쿼터없음,0.15 : 1,0.16 : 1
CSE4095-01,파일처리,0.34 : 1,쿼터없음,쿼터없음,0.33 : 1,0.20 : 1
CSE4120-01,기초컴파일러구성,0.15 : 1,쿼터없음,쿼터없음,0.08 : 1,0.11 : 1
CSE4152-01,고급소프트웨어실습I,1.00 : 1,쿼터없음,쿼터없음,0.68 : 1,1.00 : 1
CSE4152-02,고급소프트웨어실습I,0.23 : 1,쿼터없음,쿼터없음,0.12 : 1,0.15 : 1
CSE4152-03,고급소프트웨어실습I,1.70 : 1,쿼터없음,쿼터없음,1.52 : 1,2.60 : 1
CSE4152-04,고급소프트웨어실습I,1.10 : 1,쿼터없음,쿼터없음,0.72 : 1,1.25 : 1
CSE4177-01,인터넷프로그래밍및응용,0.20 : 1,쿼터없음,쿼터없음,0.03 : 1,쿼터없음
CSE4178-01,기초SOC설계,0.37 : 1,쿼터없음,쿼터없음,0.40 : 1,0.32 : 1
CSE4181-01,SW경제성분석및창업,0.24 : 1,쿼터없음,쿼터없음,0.14 : 1,0.18 : 1
CSE4185-01,기초인공지능,0.83 : 1,쿼터없음,쿼터없음,0.51 : 1,쿼터없음
CSE4186-01,캡스톤디자인I,0.11 : 1,쿼터없음,쿼터없음,신청없음,0.11 : 1
CSE4187-01,캡스톤디자인II,0.90 : 1,쿼터없음,쿼터없음,쿼터없음,0.90 : 1
CSE4187-02,캡스톤디자인II,0.73 : 1,쿼터없음,쿼터없음,쿼터없음,0.73 : 1
CSEG311-01,대화형사용자인터페이스개론,1.05 : 1,쿼터없음,쿼터없음,쿼터없음,0.85 : 1
CSEG414-01,병렬분산컴퓨팅,0.80 : 1,쿼터없음,쿼터없음,쿼터없음,0.80 : 1
CSEG437-01,수치컴퓨팅및GPU프로그래밍,0.70 : 1,쿼터없음,쿼터없음,쿼터없음,0.65 : 1
CSEG601-01,공간데이터관리및응용,0.15 : 1,쿼터없음,쿼터없음,신청없음,0.15 : 1
CSEQ982-01,컴퓨터학교과교재연구및지도법,0.03 : 1,신청없음,신청없음,신청없음,0.03 : 1
CSEQ983-01,컴퓨터학교과논리및논술,0.08 : 1,0.10 : 1,신청없음,0.03 : 1,0.03 : 1
CSW2020-01,기초Java언어,0.53 : 1,신청없음,0.23 : 1,0.40 : 1,0.28 : 1
CSW2020-02,기초Java언어,0.74 : 1,0.10 : 1,0.34 : 1,0.59 : 1,0.50 : 1
CSW2030-01,자료구조입문,1.29 : 1,신청없음,0.50 : 1,1.17 : 1,1.70 : 1
CSW2040-01,정보사회와인문학,0.35 : 1,신청없음,0.10 : 1,0.11 : 1,0.28 : 1
CSW2050-01,코퍼스언어학,0.50 : 1,0.20 : 1,0.22 : 1,0.24 : 1,0.35 : 1
CSW2060-01,인문콘텐츠학,0.25 : 1,신청없음,신청없음,0.08 : 1,0.21 : 1
CSW3030-01,데이터베이스입문,1.04 : 1,신청없음,0.03 : 1,0.59 : 1,1.08 : 1
CSW4010-01,융합소프트웨어종합설계,0.46 : 1,쿼터없음,쿼터없음,0.08 : 1,0.44 : 1
ECO2001-01,경제학원론I,1.14 : 1,1.26 : 1,0.90 : 1,1.00 : 1,1.10 : 1
ECO2001-02,경제학원론I,0.73 : 1,0.76 : 1,0.38 : 1,0.36 : 1,0.18 : 1
ECO2001-03,경제학원론I,0.82 : 1,0.76 : 1,0.52 : 1,0.50 : 1,0.28 : 1
ECO2001-04,경제학원론I,0.98 : 1,1.00 : 1,1.00 : 1,0.80 : 1,0.83 : 1
ECO2002-01,경제학원론II,0.29 : 1,0.26 : 1,쿼터없음,쿼터없음,쿼터없음
ECO2002-02,경제학원론II,0.47 : 1,0.35 : 1,0.37 : 1,0.07 : 1,0.05 : 1
ECO2002-03,경제학원론II,0.43 : 1,0.33 : 1,0.22 : 1,0.09 : 1,0.10 : 1
ECO2002-04,경제학원론II,0.54 : 1,0.36 : 1,0.37 : 1,0.17 : 1,0.07 : 1
ECO2002-05,경제학원론II,0.74 : 1,0.69 : 1,쿼터없음,쿼터없음,쿼터없음
ECO2002-06,경제학원론II,1.15 : 1,0.44 : 1,0.95 : 1,2.54 : 1,0.70 : 1
ECO2003-01,경제수리기초,0.21 : 1,0.22 : 1,0.10 : 1,0.03 : 1,0.01 : 1
ECO2003-02,경제수리기초,0.62 : 1,0.30 : 1,0.37 : 1,0.35 : 1,0.12 : 1
ECO2004-01,경제통계학,0.61 : 1,1.85 : 1,0.34 : 1,0.09 : 1,0.03 : 1
ECO2004-02,경제통계학,0.95 : 1,3.00 : 1,0.56 : 1,0.07 : 1,0.08 : 1
ECO2004-03,경제통계학,0.39 : 1,0.33 : 1,쿼터없음,쿼터없음,쿼터없음
ECO2005-01,경제정보분석,0.33 : 1,쿼터없음,0.20 : 1,0.15 : 1,쿼터없음
ECO2005-02,경제정보분석,0.53 : 1,쿼터없음,0.20 : 1,0.23 : 1,쿼터없음
ECO2006-01,미시경제학I,0.34 : 1,0.80 : 1,0.20 : 1,0.19 : 1,0.04 : 1
ECO2006-02,미시경제학I,1.08 : 1,2.20 : 1,0.64 : 1,0.78 : 1,1.00 : 1
ECO2006-03,미시경제학I,0.98 : 1,1.60 : 1,0.60 : 1,0.63 : 1,0.76 : 1
ECO2007-01,거시경제학I,1.40 : 1,0.20 : 1,1.15 : 1,1.33 : 1,4.60 : 1
ECO2007-02,거시경제학I,0.16 : 1,신청없음,0.15 : 1,0.08 : 1,신청없음
ECO2007-03,거시경제학I,0.67 : 1,0.20 : 1,0.50 : 1,0.38 : 1,0.12 : 1
ECO2008-01,수리경제학,0.59 : 1,쿼터없음,0.63 : 1,0.34 : 1,0.32 : 1
ECO2009-01,계량경제학I,0.44 : 1,쿼터없음,0.23 : 1,0.27 : 1,0.22 : 1
ECO2009-02,계량경제학I,1.15 : 1,쿼터없음,1.00 : 1,0.83 : 1,1.75 : 1
ECO2009-03,계량경제학I,1.13 : 1,쿼터없음,0.83 : 1,0.49 : 1,1.32 : 1
ECO3001-01,산업경제학,1.03 : 1,쿼터없음,0.70 : 1,0.88 : 1,1.06 : 1
ECO3005-01,환경경제학,0.83 : 1,쿼터없음,신청없음,0.46 : 1,0.75 : 1
ECO3008-01,금융경제학,1.15 : 1,쿼터없음,1.20 : 1,1.10 : 1,1.18 : 1
ECO3010-01,국제무역론,0.80 : 1,쿼터없음,1.50 : 1,0.63 : 1,0.58 : 1
ECO3011-01,국제금융론,2.43 : 1,쿼터없음,2.30 : 1,2.03 : 1,2.88 : 1
ECO3017-01,국제경제학,1.20 : 1,쿼터없음,1.20 : 1,1.20 : 1,1.20 : 1
ECO4001-01,미시경제학II,0.63 : 1,쿼터없음,0.25 : 1,0.36 : 1,0.47 : 1
ECO4002-01,거시경제학II,0.34 : 1,쿼터없음,0.40 : 1,0.24 : 1,0.23 : 1
ECO4004-01,경제수리통계학,1.01 : 1,쿼터없음,2.00 : 1,1.03 : 1,0.86 : 1
ECO4005-01,게임이론,1.34 : 1,쿼터없음,1.80 : 1,0.90 : 1,1.69 : 1
ECO4006-01,정보경제학,0.87 : 1,쿼터없음,0.10 : 1,0.54 : 1,0.81 : 1
ECO4007-01,경쟁법과산업규제의경제학,0.27 : 1,쿼터없음,0.20 : 1,0.12 : 1,0.22 : 1
ECO4008-01,금융정책,0.53 : 1,쿼터없음,신청없음,0.43 : 1,0.40 : 1
ECO4009-01,파생상품시장,1.17 : 1,쿼터없음,0.87 : 1,0.93 : 1,1.39 : 1
ECO4010-01,국제금융시장,0.88 : 1,쿼터없음,0.60 : 1,0.74 : 1,0.77 : 1
ECO4018-01,경제학특강1,1.31 : 1,쿼터없음,4.20 : 1,1.06 : 1,1.18 : 1
ECO4019-01,다국적기업의경제학,1.05 : 1,쿼터없음,0.60 : 1,0.53 : 1,1.07 : 1
ECO4021-01,경제학특강4,0.37 : 1,쿼터없음,0.20 : 1,0.16 : 1,0.27 : 1
ECO4022-01,경제학특강5,0.33 : 1,쿼터없음,쿼터없음,0.20 : 1,0.23 : 1
ECO4030-01,행동경제학,1.31 : 1,쿼터없음,1.10 : 1,1.07 : 1,1.63 : 1
ECO4031-01,실험경제학,0.10 : 1,쿼터없음,0.10 : 1,0.03 : 1,0.07 : 1
ECO4034-01,금융시장행태주의(behavioral)분석(캡스톤),0.67 : 1,쿼터없음,쿼터없음,0.40 : 1,0.54 : 1
ECOG010-01,고급미시경제학I,0.20 : 1,쿼터없음,쿼터없음,0.10 : 1,0.16 : 1
ECOG020-01,고급거시경제학I,0.25 : 1,쿼터없음,쿼터없음,신청없음,0.25 : 1
ECOG030-01,고급계량경제학I,0.35 : 1,쿼터없음,쿼터없음,0.30 : 1,0.24 : 1
ECOG040-01,고급수리통계학,0.20 : 1,쿼터없음,쿼터없음,0.10 : 1,0.16 : 1
EDU2001-01,교육학개론,1.10 : 1,1.67 : 1,1.29 : 1,1.10 : 1,0.80 : 1
EDU2002-01,교육철학및교육사,1.20 : 1,1.60 : 1,1.00 : 1,1.60 : 1,0.80 : 1
EDU2003-01,교육심리,0.38 : 1,신청없음,0.27 : 1,0.31 : 1,0.15 : 1
EDU2004-01,교육방법및교육공학,0.20 : 1,신청없음,0.13 : 1,0.24 : 1,0.02 : 1
EDU3001-01,교육과정,0.33 : 1,신청없음,신청없음,0.37 : 1,0.12 : 1
EDU3033-01,교육사회,0.54 : 1,신청없음,0.40 : 1,0.47 : 1,0.20 : 1
EDU3035-01,교육봉사활동,0.03 : 1,쿼터없음,쿼터없음,0.02 : 1,0.03 : 1
EDU3037-01,생활지도및상담,0.47 : 1,쿼터없음,1.00 : 1,0.50 : 1,0.20 : 1
EDU3039-01,교육연구법,0.03 : 1,신청없음,신청없음,신청없음,0.03 : 1
EDU3045-01,특수교육학개론,0.23 : 1,신청없음,신청없음,0.14 : 1,0.16 : 1
EDUF981-01,외국어교과교육론,0.20 : 1,쿼터없음,신청없음,0.20 : 1,0.09 : 1
EDUF983-01,외국어교과교재연구및지도법,0.32 : 1,쿼터없음,0.20 : 1,0.21 : 1,0.19 : 1
EDUS982-01,과학교과논리및논술,0.10 : 1,쿼터없음,0.05 : 1,0.08 : 1,0.04 : 1
EDUS983-01,과학교과교재연구및지도,0.05 : 1,쿼터없음,신청없음,신청없음,0.05 : 1
EEE1002-01,C언어기초,0.79 : 1,0.56 : 1,0.64 : 1,0.38 : 1,0.13 : 1
EEE1002-02,C언어기초,0.68 : 1,0.68 : 1,0.18 : 1,0.25 : 1,0.08 : 1
EEE1002-03,C언어기초,0.65 : 1,0.32 : 1,0.35 : 1,0.19 : 1,0.25 : 1
EEE1002-04,C언어기초,0.41 : 1,0.24 : 1,0.36 : 1,신청없음,신청없음
EEE2011-01,전자공학세미나I,0.40 : 1,쿼터없음,0.07 : 1,0.14 : 1,0.27 : 1
EEE2052-01,디지털논리회로실험,1.45 : 1,쿼터없음,1.26 : 1,3.00 : 1,2.00 : 1
EEE2052-02,디지털논리회로실험,1.36 : 1,쿼터없음,1.16 : 1,4.00 : 1,신청없음
EEE2052-03,디지털논리회로실험,0.36 : 1,쿼터없음,0.26 : 1,0.13 : 1,0.07 : 1
EEE2052-04,디지털논리회로실험,0.77 : 1,쿼터없음,0.53 : 1,0.55 : 1,0.17 : 1
EEE2052-05,디지털논리회로실험,0.77 : 1,쿼터없음,0.74 : 1,0.29 : 1,0.17 : 1
EEE2102-01,전자장론II,0.20 : 1,쿼터없음,0.17 : 1,0.11 : 1,0.04 : 1
EEE2104-01,고급공학수학II,0.77 : 1,쿼터없음,0.67 : 1,0.50 : 1,0.15 : 1
EEE2104-02,고급공학수학II,0.68 : 1,쿼터없음,0.50 : 1,0.33 : 1,0.25 : 1
EEE2108-01,공학프로그래밍,1.37 : 1,쿼터없음,1.25 : 1,2.80 : 1,0.40 : 1
EEE2108-02,공학프로그래밍,0.83 : 1,쿼터없음,0.80 : 1,0.67 : 1,0.38 : 1
EEE2111-01,기초회로이론,1.01 : 1,0.56 : 1,0.73 : 1,0.76 : 1,1.14 : 1
EEE2111-02,기초회로이론,0.85 : 1,0.76 : 1,0.44 : 1,0.20 : 1,쿼터없음
EEE2120-01,물리전자공학I,0.74 : 1,쿼터없음,0.62 : 1,0.40 : 1,0.19 : 1
EEE2120-02,물리전자공학I,0.75 : 1,쿼터없음,0.55 : 1,0.41 : 1,0.29 : 1
EEE2153-01,신호및시스템,0.86 : 1,쿼터없음,0.59 : 1,0.62 : 1,0.40 : 1
EEE2153-02,신호및시스템,0.49 : 1,쿼터없음,0.40 : 1,0.17 : 1,0.10 : 1
EEE3132-01,전자회로II,0.53 : 1,쿼터없음,쿼터없음,0.42 : 1,0.22 : 1
EEE3142-01,기계학습기초,0.88 : 1,쿼터없음,쿼터없음,0.65 : 1,0.71 : 1
EEE3146-01,반도체공학I,0.71 : 1,쿼터없음,쿼터없음,0.56 : 1,0.40 : 1
EEE3149-01,디지털통신,0.66 : 1,쿼터없음,쿼터없음,0.55 : 1,0.33 : 1
EEE3163-01,고급디지털회로설계,0.58 : 1,쿼터없음,0.20 : 1,0.54 : 1,0.23 : 1
EEE3178-01,컴퓨터아키텍쳐,0.48 : 1,쿼터없음,쿼터없음,0.39 : 1,0.21 : 1
EEE3182-01,고급전자회로실험,0.58 : 1,쿼터없음,쿼터없음,0.45 : 1,0.29 : 1
EEE3182-02,고급전자회로실험,0.63 : 1,쿼터없음,쿼터없음,0.45 : 1,0.36 : 1
EEE3182-03,고급전자회로실험,0.71 : 1,쿼터없음,쿼터없음,0.45 : 1,0.50 : 1
EEE3182-04,고급전자회로실험,0.96 : 1,쿼터없음,쿼터없음,0.86 : 1,0.80 : 1
EEE3182-05,고급전자회로실험,1.33 : 1,쿼터없음,쿼터없음,1.05 : 1,4.50 : 1
EEE4125-01,광전자공학,0.63 : 1,쿼터없음,쿼터없음,쿼터없음,0.63 : 1
EEE4159-01,이동통신공학,0.34 : 1,쿼터없음,쿼터없음,0.40 : 1,0.30 : 1
EEE4161-01,인터넷통신망,0.50 : 1,쿼터없음,쿼터없음,쿼터없음,0.50 : 1
EEE4168-01,마이크로프로세서시스템설계,0.18 : 1,쿼터없음,쿼터없음,쿼터없음,0.18 : 1
EEE4169-01,VLSI시스템설계,0.72 : 1,쿼터없음,쿼터없음,쿼터없음,0.72 : 1
EEE4174-01,기초초고주파회로해석,0.20 : 1,쿼터없음,쿼터없음,쿼터없음,0.13 : 1
EEE4175-01,디지털신호처리개론,0.52 : 1,쿼터없음,쿼터없음,1.80 : 1,0.16 : 1
EEE4176-01,디지털신호처리응용,0.10 : 1,쿼터없음,쿼터없음,쿼터없음,0.10 : 1
EEE4178-01,인공지능(딥러닝)개론,0.64 : 1,쿼터없음,쿼터없음,0.47 : 1,0.56 : 1
EEE4185-01,디자인프로젝트(종합설계),0.55 : 1,쿼터없음,쿼터없음,쿼터없음,0.55 : 1
EEEG274-01,IoT디바이스설계기술(캡스톤디자인),0.37 : 1,쿼터없음,쿼터없음,0.07 : 1,0.34 : 1
EEEG477-01,패턴인식,0.13 : 1,쿼터없음,쿼터없음,신청없음,0.13 : 1
ENG2001-01,영문학개론,0.38 : 1,0.40 : 1,0.19 : 1,0.13 : 1,0.06 : 1
ENG2003-01,언어학개론,0.27 : 1,0.27 : 1,0.16 : 1,0.08 : 1,신청없음
ENG2003-02,언어학개론,0.95 : 1,1.40 : 1,1.70 : 1,0.40 : 1,0.19 : 1
ENG2004-01,현대영미문학,0.30 : 1,쿼터없음,0.23 : 1,0.05 : 1,0.19 : 1
ENG2009-01,영미단편소설,0.31 : 1,쿼터없음,0.07 : 1,0.25 : 1,0.14 : 1
ENG2101-01,영문학작문,0.60 : 1,0.30 : 1,쿼터없음,쿼터없음,쿼터없음
ENG2101-02,영문학작문,1.10 : 1,2.60 : 1,0.40 : 1,0.38 : 1,0.40 : 1
ENG2101-03,영문학작문,1.45 : 1,3.60 : 1,0.80 : 1,0.33 : 1,0.56 : 1
ENG2103-01,작문과수사학,0.33 : 1,신청없음,0.48 : 1,0.12 : 1,0.04 : 1
ENG3002-01,초기영문학,0.91 : 1,쿼터없음,0.87 : 1,0.59 : 1,0.75 : 1
ENG3003-01,르네상스시대의영문학,1.43 : 1,0.20 : 1,1.26 : 1,1.60 : 1,1.80 : 1
ENG3010-01,빅토리아시대의소설,0.80 : 1,쿼터없음,1.10 : 1,0.80 : 1,0.53 : 1
ENG3104-01,현대영국소설,0.63 : 1,쿼터없음,0.67 : 1,0.41 : 1,0.35 : 1
ENG3107-01,현대미국소설,1.83 : 1,0.10 : 1,1.58 : 1,2.20 : 1,2.20 : 1
ENG3207-01,영어권대중문학,0.66 : 1,쿼터없음,0.60 : 1,0.33 : 1,0.43 : 1
ENG3216-01,영문학특강,0.69 : 1,쿼터없음,1.00 : 1,0.53 : 1,0.35 : 1
ENG3229-01,비교문학,0.26 : 1,쿼터없음,0.10 : 1,0.21 : 1,0.13 : 1
ENG3303-01,영어사,0.93 : 1,쿼터없음,0.90 : 1,1.18 : 1,0.60 : 1
ENG3304-01,영어음운론,0.37 : 1,쿼터없음,0.40 : 1,0.13 : 1,0.21 : 1
ENG3307-01,영어의미론,0.90 : 1,쿼터없음,1.00 : 1,0.90 : 1,0.73 : 1
ENG3312-01,언어와사회,0.35 : 1,신청없음,0.38 : 1,0.30 : 1,신청없음
ENG3406-01,영문자서전창작,0.16 : 1,0.40 : 1,0.11 : 1,신청없음,0.09 : 1
ENG3407-01,대화분석,0.65 : 1,신청없음,0.50 : 1,0.30 : 1,0.42 : 1
ENG4099-01,개별연구논문,0.03 : 1,신청없음,신청없음,0.03 : 1,신청없음
ENGG003-01,왕정복고및18세기영문학프로세미나,0.03 : 1,신청없음,신청없음,0.02 : 1,0.01 : 1
ENGG005-01,20세기영국문학프로세미나,0.03 : 1,신청없음,신청없음,0.02 : 1,0.01 : 1
ETS2001-01,현대세계와윤리문제,0.16 : 1,0.35 : 1,0.12 : 1,0.02 : 1,0.01 : 1
ETS2001-02,현대세계와윤리문제,0.06 : 1,0.20 : 1,신청없음,신청없음,0.01 : 1
ETS2001-03,현대세계와윤리문제,1.31 : 1,4.00 : 1,0.75 : 1,0.04 : 1,0.20 : 1
ETS2002-01,논리와비판적사고,0.93 : 1,2.40 : 1,0.70 : 1,0.31 : 1,0.11 : 1
ETS2002-02,논리와비판적사고,0.24 : 1,0.50 : 1,0.17 : 1,0.04 : 1,0.03 : 1
ETS2002-03,논리와비판적사고,0.94 : 1,1.90 : 1,1.10 : 1,0.35 : 1,0.24 : 1
ETS2002-04,논리와비판적사고,0.05 : 1,0.15 : 1,0.03 : 1,신청없음,신청없음
ETS2002-05,논리와비판적사고,0.04 : 1,0.05 : 1,0.03 : 1,0.02 : 1,신청없음
ETS2003-01,철학산책,0.74 : 1,1.50 : 1,0.35 : 1,0.15 : 1,0.35 : 1
ETS2004-01,종교와세계문화,0.62 : 1,1.05 : 1,0.60 : 1,0.29 : 1,신청없음
ETS2004-02,종교와세계문화,0.32 : 1,0.83 : 1,0.19 : 1,0.04 : 1,0.05 : 1
ETS2004-03,종교와세계문화,0.36 : 1,1.00 : 1,0.40 : 1,0.19 : 1,0.03 : 1
ETS2004-04,종교와세계문화,0.61 : 1,1.20 : 1,0.65 : 1,0.15 : 1,0.17 : 1
ETS2004-05,종교와세계문화,1.76 : 1,2.40 : 1,2.40 : 1,1.00 : 1,0.60 : 1
ETU4001-01,환경윤리,0.23 : 1,0.15 : 1,0.05 : 1,0.04 : 1,0.15 : 1
ETU4010-01,한국문화와종교,0.11 : 1,신청없음,0.05 : 1,0.04 : 1,0.06 : 1
ETU4016-01,"종교,폭력,평화",0.59 : 1,0.30 : 1,0.43 : 1,0.24 : 1,0.34 : 1
ETU4018-01,행복의추구,0.59 : 1,0.20 : 1,0.17 : 1,0.14 : 1,0.48 : 1
EUR2202-01,초급독어회화,0.40 : 1,0.35 : 1,0.24 : 1,0.07 : 1,0.09 : 1
EUR2206-01,독문법1,0.37 : 1,0.15 : 1,0.41 : 1,0.11 : 1,신청없음
EUR2302-01,쉬운프랑스어읽기,0.31 : 1,0.40 : 1,0.14 : 1,0.09 : 1,0.08 : 1
EUR2304-01,프랑스어문법2,0.37 : 1,0.40 : 1,0.14 : 1,0.09 : 1,0.15 : 1
EUR3106-01,유럽통합의역사,1.96 : 1,5.00 : 1,1.95 : 1,1.10 : 1,2.40 : 1
EUR3210-01,독일어강독과번역,0.05 : 1,신청없음,신청없음,0.04 : 1,0.02 : 1
EUR3216-01,독어학의신세계,0.32 : 1,0.20 : 1,0.33 : 1,0.14 : 1,0.06 : 1
EUR3223-01,독작문2,0.18 : 1,신청없음,0.04 : 1,0.09 : 1,0.09 : 1
EUR3233-01,독일낭만주의문학,0.12 : 1,신청없음,0.30 : 1,신청없음,신청없음
EUR3238-01,독일작가론,0.14 : 1,신청없음,0.16 : 1,0.02 : 1,0.04 : 1
EUR3320-01,시청각프랑스어1,0.51 : 1,신청없음,0.45 : 1,0.14 : 1,0.26 : 1
EUR3322-01,시청각프랑스어3,0.03 : 1,신청없음,신청없음,0.04 : 1,신청없음
EUR3323-01,프랑스어작문1,0.90 : 1,신청없음,0.53 : 1,0.71 : 1,0.70 : 1
EUR3341-01,프랑스문학개론,0.36 : 1,신청없음,0.40 : 1,0.15 : 1,0.12 : 1
EUR3344-01,프랑스희곡읽기,0.46 : 1,신청없음,0.13 : 1,0.52 : 1,0.10 : 1
EUR3372-01,프랑스및프랑스어권의영화,0.40 : 1,신청없음,0.33 : 1,0.20 : 1,0.19 : 1
EUR4106-01,유럽의젠더연구,1.16 : 1,0.20 : 1,0.83 : 1,1.13 : 1,2.00 : 1
EUR4219-01,시청각독어2,0.24 : 1,신청없음,0.40 : 1,0.12 : 1,0.12 : 1
EURG307-01,불어학연구,0.72 : 1,쿼터없음,0.80 : 1,0.27 : 1,0.61 : 1
GES3001-01,성평등인간학,0.10 : 1,0.07 : 1,0.03 : 1,0.05 : 1,0.04 : 1
GES3007-01,여성과정치,0.15 : 1,0.07 : 1,신청없음,0.14 : 1,0.04 : 1
GES3012-01,여성과대중문화,0.22 : 1,0.20 : 1,0.07 : 1,0.08 : 1,0.10 : 1
GES3019-01,성과사랑,0.07 : 1,신청없음,0.03 : 1,0.02 : 1,0.03 : 1
GES3021-01,상담과젠더,0.10 : 1,신청없음,0.03 : 1,신청없음,0.08 : 1
GESG002-01,여성학연구방법론,0.02 : 1,신청없음,신청없음,0.02 : 1,신청없음
GKS2001-01,Introductory Seminar in Korean Studies,0.50 : 1,0.80 : 1,0.55 : 1,0.27 : 1,0.06 : 1
GKS2005-01,AdvancedAcademicWritinginKoreanStudies,0.07 : 1,신청없음,0.10 : 1,신청없음,0.03 : 1
GKS3003-01,Intro to Korean Sociolinguistics,0.06 : 1,신청없음,신청없음,0.04 : 1,0.03 : 1
GKS3006-01,East asian development Revisited,0.37 : 1,신청없음,0.40 : 1,0.14 : 1,0.08 : 1
GKS3024-01,Korean Language&Culture-Intermediate,0.61 : 1,신청없음,0.50 : 1,0.20 : 1,0.38 : 1
GKS3030-01,Korean Language&Culture-Advanced,0.24 : 1,신청없음,신청없음,0.08 : 1,0.20 : 1
GKS4011-01,The Medium of Korean Cultural Modernity,0.24 : 1,신청없음,0.15 : 1,0.12 : 1,0.09 : 1
GKS4013-01,Korean Historians Behind the Camera,0.29 : 1,신청없음,0.22 : 1,0.13 : 1,0.11 : 1
GKS4016-01,국제한국학이론과실습1(캡스톤디자인),0.50 : 1,신청없음,신청없음,0.27 : 1,0.38 : 1
GKSG003-01,Reading Theories of Korean Development,0.15 : 1,신청없음,신청없음,0.07 : 1,0.11 : 1
HFS2001-01,철학적인간학,0.21 : 1,쿼터없음,0.16 : 1,0.08 : 1,0.03 : 1
HFS2001-02,철학적인간학,0.79 : 1,쿼터없음,0.58 : 1,0.39 : 1,0.38 : 1
HFS2001-03,철학적인간학,0.49 : 1,쿼터없음,0.44 : 1,0.18 : 1,0.12 : 1
HFS2001-04,철학적인간학,0.20 : 1,쿼터없음,0.12 : 1,0.13 : 1,신청없음
HFS2001-05,철학적인간학,0.49 : 1,쿼터없음,0.40 : 1,0.18 : 1,0.16 : 1
HFS2002-01,신학적인간학,1.24 : 1,쿼터없음,1.16 : 1,1.20 : 1,1.60 : 1
HFS2002-02,신학적인간학,0.33 : 1,쿼터없음,0.20 : 1,0.18 : 1,0.06 : 1
HFS2002-03,신학적인간학,0.83 : 1,쿼터없음,0.46 : 1,0.51 : 1,0.54 : 1
HFS2002-04,신학적인간학,1.24 : 1,쿼터없음,1.24 : 1,1.20 : 1,1.10 : 1
HFS2002-05,신학적인간학,0.01 : 1,쿼터없음,신청없음,신청없음,0.01 : 1
HFS2002-06,신학적인간학,0.07 : 1,쿼터없음,0.02 : 1,0.05 : 1,0.02 : 1
HFS2003-01,그리스도교윤리,1.23 : 1,쿼터없음,0.98 : 1,1.91 : 1,1.50 : 1
HFS2003-02,그리스도교윤리,1.07 : 1,쿼터없음,0.58 : 1,0.84 : 1,1.33 : 1
HFS2003-03,그리스도교윤리,0.49 : 1,쿼터없음,0.32 : 1,0.23 : 1,0.16 : 1
HFS2003-04,그리스도교윤리,0.46 : 1,쿼터없음,0.44 : 1,0.13 : 1,0.12 : 1
HFS2003-05,그리스도교윤리,1.10 : 1,쿼터없음,1.06 : 1,1.20 : 1,1.10 : 1
HFU4003-01,생명윤리,0.22 : 1,0.20 : 1,0.11 : 1,0.06 : 1,0.11 : 1
HFU4009-01,영성과문화예술,1.56 : 1,3.90 : 1,0.70 : 1,0.66 : 1,1.50 : 1
HFU4012-01,그리스도교신앙과영성,0.56 : 1,쿼터없음,0.93 : 1,0.27 : 1,0.03 : 1
HFU4014-01,영성수련,0.63 : 1,쿼터없음,0.23 : 1,0.22 : 1,0.53 : 1
HFU4023-01,진·선·미·성,1.32 : 1,쿼터없음,1.43 : 1,0.70 : 1,0.77 : 1
HFU4025-01,소명과선택,0.30 : 1,쿼터없음,0.08 : 1,0.12 : 1,0.22 : 1
HIS2002-01,현대세계의역사적이해,0.79 : 1,1.45 : 1,0.90 : 1,0.23 : 1,0.30 : 1
HIS3002-01,고려시대사,0.14 : 1,0.05 : 1,0.03 : 1,0.07 : 1,0.07 : 1
HIS3005-01,한국현대사,0.50 : 1,0.40 : 1,0.38 : 1,0.25 : 1,0.20 : 1
HIS3006-01,중국고대사,0.24 : 1,신청없음,0.15 : 1,0.06 : 1,0.14 : 1
HIS3008-01,중국근세사,1.20 : 1,0.25 : 1,1.31 : 1,0.70 : 1,1.19 : 1
HIS3010-01,중국현대사,0.28 : 1,0.05 : 1,0.15 : 1,0.09 : 1,0.15 : 1
HIS3014-01,일본사개설,0.48 : 1,0.05 : 1,0.51 : 1,0.21 : 1,0.18 : 1
HIS3015-01,요동사,0.04 : 1,신청없음,0.03 : 1,신청없음,0.03 : 1
HIS3021-01,서양고대사,0.24 : 1,0.35 : 1,0.21 : 1,0.07 : 1,0.03 : 1
HIS3037-01,미국사개설,0.10 : 1,신청없음,0.05 : 1,0.02 : 1,0.06 : 1
HIS3040-01,한국사개론Ⅱ,0.13 : 1,0.10 : 1,0.08 : 1,0.05 : 1,0.03 : 1
HIS3041-01,한국사상사,0.31 : 1,0.05 : 1,0.31 : 1,0.13 : 1,0.10 : 1
HIS3052-01,한국금석학,0.10 : 1,신청없음,0.15 : 1,0.02 : 1,0.01 : 1
HIS3057-01,중국사회경제사,0.13 : 1,쿼터없음,0.20 : 1,신청없음,0.07 : 1
HIS3062-01,서양사개론Ⅱ,0.05 : 1,신청없음,0.05 : 1,신청없음,0.03 : 1
HIS3071-01,문화유산현장실습2,0.28 : 1,0.05 : 1,0.18 : 1,0.10 : 1,0.13 : 1
HIS3073-01,문화유산현장실습4,0.80 : 1,0.40 : 1,쿼터없음,쿼터없음,쿼터없음
HIS4004-01,한국사특강4,0.04 : 1,신청없음,0.03 : 1,신청없음,0.03 : 1
HIS4007-01,한국사강독3,0.28 : 1,신청없음,0.05 : 1,0.17 : 1,0.15 : 1
HIS4014-01,서양사특강3,0.19 : 1,0.10 : 1,0.13 : 1,0.06 : 1,0.07 : 1
HIS4018-01,서양사명저해제2,0.10 : 1,신청없음,0.03 : 1,0.08 : 1,0.03 : 1
HIS4031-01,역사글쓰기,0.09 : 1,신청없음,0.07 : 1,0.08 : 1,신청없음
HISQ983-01,역사교과교재연구및지도법,0.03 : 1,신청없음,신청없음,0.03 : 1,신청없음
HLU4001-01,영양과다이어트,0.74 : 1,0.25 : 1,0.29 : 1,0.18 : 1,0.64 : 1
HLU4003-01,운동과건강,0.44 : 1,0.17 : 1,신청없음,0.06 : 1,0.39 : 1
HLU4006-01,요가,0.70 : 1,0.14 : 1,0.15 : 1,0.16 : 1,0.63 : 1
HLU4007-01,테니스,1.30 : 1,0.29 : 1,0.42 : 1,0.20 : 1,1.45 : 1
HLU4013-01,축구,0.57 : 1,0.43 : 1,0.18 : 1,0.12 : 1,0.43 : 1
HLU4014-01,야구,0.60 : 1,0.57 : 1,0.10 : 1,0.12 : 1,0.48 : 1
HLU4015-01,골프,0.60 : 1,0.14 : 1,0.15 : 1,0.05 : 1,0.54 : 1
HLU4015-02,골프,0.20 : 1,신청없음,신청없음,0.05 : 1,0.17 : 1
HSS3002-01,사회봉사,0.92 : 1,0.40 : 1,0.33 : 1,0.21 : 1,0.85 : 1
HSS3002-02,사회봉사,0.62 : 1,0.20 : 1,0.32 : 1,0.19 : 1,0.37 : 1
HSS3005-01,수화의이해,1.96 : 1,1.50 : 1,1.65 : 1,1.30 : 1,3.40 : 1
HSS3005-02,수화의이해,0.50 : 1,0.30 : 1,0.21 : 1,0.07 : 1,0.40 : 1
HSS3011-01,영어토론세미나,1.67 : 1,쿼터없음,1.40 : 1,2.30 : 1,1.20 : 1
HSS3011-02,영어토론세미나,1.80 : 1,쿼터없음,2.00 : 1,1.90 : 1,1.67 : 1
HSS3011-03,영어토론세미나,1.80 : 1,쿼터없음,1.80 : 1,2.20 : 1,1.53 : 1
HSS3013-01,현대인문세미나,0.17 : 1,0.18 : 1,0.15 : 1,0.04 : 1,0.04 : 1
HSS3013-02,현대인문세미나,0.93 : 1,0.40 : 1,0.62 : 1,0.50 : 1,0.69 : 1
HSS3013-03,현대인문세미나,0.19 : 1,0.31 : 1,0.15 : 1,0.03 : 1,0.04 : 1
HSS3013-04,현대인문세미나,0.39 : 1,0.24 : 1,0.23 : 1,0.09 : 1,0.08 : 1
HSS3016-01,진로탐색입문,0.26 : 1,0.68 : 1,0.13 : 1,쿼터없음,쿼터없음
HSS3016-02,진로탐색입문,0.41 : 1,1.15 : 1,0.22 : 1,쿼터없음,쿼터없음
HSS3017-01,학습매니지먼트,2.37 : 1,0.90 : 1,2.45 : 1,4.40 : 1,2.60 : 1
HSS3021-01,인간과지성,0.39 : 1,신청없음,0.09 : 1,0.08 : 1,0.31 : 1
HSS3024-01,글로벌기업CEO특강,2.23 : 1,쿼터없음,1.30 : 1,1.77 : 1,쿼터없음
HSS3025-01,진로탐색심화,2.46 : 1,쿼터없음,5.50 : 1,1.75 : 1,쿼터없음
JAS3001-01,저널리즘개론,0.40 : 1,쿼터없음,0.23 : 1,0.27 : 1,0.16 : 1
JAS3003-01,네트워크사회와미디어,1.05 : 1,쿼터없음,0.20 : 1,0.75 : 1,1.10 : 1
JAS3006-01,융합적미디어글쓰기,0.40 : 1,쿼터없음,0.10 : 1,0.05 : 1,0.36 : 1
JAS3007-01,광고4.0,0.56 : 1,쿼터없음,0.50 : 1,0.52 : 1,0.31 : 1
JAS3009-01,광고카피라이팅과전략적글쓰기,0.16 : 1,신청없음,0.05 : 1,0.12 : 1,0.06 : 1
JAS3011-01,PR글쓰기와실무,2.50 : 1,쿼터없음,2.00 : 1,2.55 : 1,2.70 : 1
JAS4003-01,미디어문화사,0.58 : 1,쿼터없음,0.25 : 1,0.46 : 1,0.36 : 1
JAS4006-01,광고커뮤니케이션과소비자심리분석,0.73 : 1,쿼터없음,0.40 : 1,0.59 : 1,0.52 : 1
JAS4009-01,공공외교와글로벌전략커뮤니케이션,1.63 : 1,쿼터없음,0.23 : 1,1.04 : 1,2.71 : 1
JAS4010-01,"창의적뉴스,다큐멘터리랩",0.07 : 1,쿼터없음,신청없음,신청없음,0.07 : 1
JAS4011-01,마케팅커뮤니케이션과시장읽기,0.13 : 1,0.05 : 1,신청없음,0.07 : 1,0.07 : 1
JAS4015-01,미디어스토리텔링연구,0.67 : 1,쿼터없음,신청없음,0.35 : 1,0.57 : 1
JAS4018-01,기계학습기반의텍스트마이닝,0.07 : 1,신청없음,신청없음,0.09 : 1,신청없음
JAS4022-01,매스컴효과론,0.60 : 1,쿼터없음,0.40 : 1,0.44 : 1,0.37 : 1
JAS4030-01,마케팅PR,2.37 : 1,쿼터없음,1.00 : 1,3.20 : 1,2.90 : 1
JAS4032-01,소셜미디어와글로벌소비자행동,0.24 : 1,쿼터없음,0.30 : 1,0.07 : 1,0.16 : 1
JPN2001-01,중급일본어I,0.49 : 1,신청없음,0.35 : 1,0.17 : 1,0.25 : 1
JPN2003-01,미디어일본어,0.63 : 1,0.60 : 1,0.50 : 1,0.25 : 1,0.41 : 1
JPN2004-01,일본어회화,0.31 : 1,0.40 : 1,0.31 : 1,0.21 : 1,0.04 : 1
JPN2011-01,일본소설강독,0.18 : 1,0.10 : 1,신청없음,0.10 : 1,0.08 : 1
JPN2013-01,일본문화특강I,1.23 : 1,1.20 : 1,0.90 : 1,1.18 : 1,1.50 : 1
JPN3001-01,일본사회의이해,0.37 : 1,0.20 : 1,0.07 : 1,0.15 : 1,0.25 : 1
JPN4005-01,일본문학특강,0.13 : 1,신청없음,0.08 : 1,0.05 : 1,0.06 : 1
KCS1001-01,한국문화의이해와체험,쿼터없음,쿼터없음,쿼터없음,쿼터없음,쿼터없음
KCS1001-02,한국문화의이해와체험,쿼터없음,쿼터없음,쿼터없음,쿼터없음,쿼터없음
KCS1001-03,한국문화의이해와체험,쿼터없음,쿼터없음,쿼터없음,쿼터없음,쿼터없음
KCS1002-01,대학생활과학문의탐색,쿼터없음,쿼터없음,쿼터없음,쿼터없음,쿼터없음
KCS1002-02,대학생활과학문의탐색,쿼터없음,쿼터없음,쿼터없음,쿼터없음,쿼터없음
KCS1002-03,대학생활과학문의탐색,쿼터없음,쿼터없음,쿼터없음,쿼터없음,쿼터없음
KIC2002-01,공적개발원조,0.07 : 1,신청없음,신청없음,0.04 : 1,0.03 : 1
KIC3004-01,국제개발협력과NGO,0.17 : 1,신청없음,0.03 : 1,0.09 : 1,0.09 : 1
KOR2001-01,국어학입문,1.58 : 1,1.80 : 1,1.60 : 1,0.20 : 1,1.11 : 1
KOR2200-01,국문학개설,0.96 : 1,1.12 : 1,0.70 : 1,0.13 : 1,0.58 : 1
KOR2201-01,문학이란무엇인가,0.95 : 1,0.60 : 1,0.39 : 1,0.25 : 1,0.88 : 1
KOR3020-01,국어어휘론,2.30 : 1,쿼터없음,3.40 : 1,1.45 : 1,2.90 : 1
KOR3303-01,고전수필론,1.35 : 1,쿼터없음,1.67 : 1,1.00 : 1,1.40 : 1
KOR3307-01,고전소설론,0.90 : 1,쿼터없음,0.44 : 1,0.46 : 1,0.78 : 1
KOR3405-01,현대시텍스트읽기II,2.03 : 1,쿼터없음,2.00 : 1,1.60 : 1,2.70 : 1
KOR3407-01,희곡과공연,0.65 : 1,쿼터없음,0.20 : 1,0.31 : 1,0.46 : 1
KOR3412-01,문학비평과수사학,0.57 : 1,쿼터없음,1.40 : 1,0.20 : 1,0.37 : 1
KOR3413-01,영상문학론,0.90 : 1,쿼터없음,1.20 : 1,0.45 : 1,0.68 : 1
KOR4002-01,외국어로서의한국어교육,0.53 : 1,쿼터없음,쿼터없음,0.50 : 1,0.37 : 1
KOR4400-01,현대문학연습,0.35 : 1,쿼터없음,쿼터없음,0.30 : 1,0.24 : 1
KOR4500-01,국어와생활,1.15 : 1,0.20 : 1,0.56 : 1,0.84 : 1,1.33 : 1
KOR4504-01,문학과문화콘텐츠,0.60 : 1,신청없음,0.70 : 1,0.39 : 1,0.38 : 1
KORG001-01,국어학연구방법론,0.30 : 1,쿼터없음,쿼터없음,0.20 : 1,0.22 : 1
KORQ982-01,국어교과논리및논술,0.13 : 1,쿼터없음,신청없음,0.05 : 1,0.10 : 1
KORQ983-01,국어교과교재연구및지도법,0.03 : 1,쿼터없음,신청없음,신청없음,0.03 : 1
KSC1001-01,대학생활을위한학문적읽기,쿼터없음,쿼터없음,쿼터없음,쿼터없음,쿼터없음
KSC2001-01,한국문화이해를위한학문적읽기,쿼터없음,쿼터없음,쿼터없음,쿼터없음,쿼터없음
KSC2002-01,한국문화이해를위한비판적쓰기,쿼터없음,쿼터없음,쿼터없음,쿼터없음,쿼터없음
KSC2003-01,한국문화이해를위한전략적듣기,쿼터없음,쿼터없음,쿼터없음,쿼터없음,쿼터없음
KSC2004-01,한국문화이해를위한논리적말하기,쿼터없음,쿼터없음,쿼터없음,쿼터없음,쿼터없음
KSC3001-01,한국사회이해를위한학문적읽기,쿼터없음,쿼터없음,쿼터없음,쿼터없음,쿼터없음
KSC3002-01,한국사회이해를위한비판적쓰기,쿼터없음,쿼터없음,쿼터없음,쿼터없음,쿼터없음
KSC3003-01,한국사회이해를위한전략적듣기,쿼터없음,쿼터없음,쿼터없음,쿼터없음,쿼터없음
KSC3004-01,한국사회이해를위한논리적말하기,쿼터없음,쿼터없음,쿼터없음,쿼터없음,쿼터없음
KSC4005-01,미디어의변화와한국,0.14 : 1,0.07 : 1,0.12 : 1,0.06 : 1,0.03 : 1
KSC4006-01,한국정치의이해,0.08 : 1,0.10 : 1,0.04 : 1,0.01 : 1,0.03 : 1
KSC4007-01,한국사회변동,0.30 : 1,0.27 : 1,0.15 : 1,0.09 : 1,0.10 : 1
KSC4008-01,한국경제발전론,0.08 : 1,0.07 : 1,0.07 : 1,0.02 : 1,0.01 : 1
KSC4009-01,한국전통문화의이해,0.18 : 1,신청없음,0.13 : 1,0.08 : 1,0.05 : 1
KSC4010-01,남북한관계론,0.12 : 1,신청없음,0.10 : 1,신청없음,0.06 : 1
LAU4004-01,한문의이해,0.70 : 1,0.60 : 1,0.50 : 1,0.24 : 1,0.48 : 1
LAU4006-01,문학과판타지,2.94 : 1,3.40 : 1,2.50 : 1,2.10 : 1,4.00 : 1
LAU4008-01,다매체시대의고전읽기,0.29 : 1,0.60 : 1,신청없음,0.05 : 1,0.19 : 1
LAU4009-01,실무논술작법,0.07 : 1,신청없음,신청없음,신청없음,0.07 : 1
LAU4014-01,한국미술의역사와감상,0.33 : 1,0.20 : 1,0.11 : 1,0.15 : 1,0.16 : 1
LAU4015-01,서양미술의역사와감상,1.48 : 1,1.65 : 1,1.65 : 1,1.10 : 1,1.50 : 1
LAU4021-01,서양음악의역사와감상,1.75 : 1,1.70 : 1,1.80 : 1,0.80 : 1,2.25 : 1
LAU4022-01,서양대중음악의이해,0.83 : 1,0.80 : 1,0.33 : 1,0.33 : 1,0.68 : 1
LAU4036-01,드로잉-선을통한사고와표현,2.90 : 1,1.00 : 1,쿼터없음,쿼터없음,쿼터없음
LAU4037-01,동양화그리기,5.20 : 1,1.00 : 1,4.20 : 1,5.40 : 1,10.20 : 1
LAU4052-01,아시아의미술과문명,0.43 : 1,0.10 : 1,0.11 : 1,0.07 : 1,0.34 : 1
LCS2001-01,독일언어와문화I,0.03 : 1,0.05 : 1,0.03 : 1,신청없음,신청없음
LCS2001-02,독일언어와문화I,0.27 : 1,0.45 : 1,0.13 : 1,0.03 : 1,0.04 : 1
LCS2001-03,독일언어와문화I,0.17 : 1,0.30 : 1,0.06 : 1,0.02 : 1,0.02 : 1
LCS2001-04,독일언어와문화I,0.07 : 1,0.20 : 1,신청없음,신청없음,신청없음
LCS2001-05,독일언어와문화I,0.02 : 1,신청없음,신청없음,신청없음,0.02 : 1
LCS2002-01,독일언어와문화II,0.12 : 1,0.05 : 1,0.13 : 1,0.02 : 1,신청없음
LCS2002-02,독일언어와문화II,0.27 : 1,0.60 : 1,0.11 : 1,신청없음,0.02 : 1
LCS2003-01,프랑스언어와문화I,0.20 : 1,0.33 : 1,신청없음,신청없음,쿼터없음
LCS2003-02,프랑스언어와문화I,0.37 : 1,0.53 : 1,0.18 : 1,신청없음,쿼터없음
LCS2003-03,프랑스언어와문화I,0.33 : 1,0.53 : 1,0.06 : 1,0.05 : 1,쿼터없음
LCS2003-04,프랑스언어와문화I,0.07 : 1,0.07 : 1,신청없음,0.03 : 1,쿼터없음
LCS2003-05,프랑스언어와문화I,0.27 : 1,0.27 : 1,0.10 : 1,0.04 : 1,쿼터없음
LCS2004-01,프랑스언어와문화II,0.13 : 1,0.13 : 1,0.09 : 1,신청없음,쿼터없음
LCS2004-02,프랑스언어와문화II,1.23 : 1,1.73 : 1,0.80 : 1,0.29 : 1,쿼터없음
LCS2005-01,중국언어와문화I,0.12 : 1,0.25 : 1,0.03 : 1,신청없음,0.02 : 1
LCS2005-02,중국언어와문화I,0.20 : 1,0.50 : 1,신청없음,0.03 : 1,0.02 : 1
LCS2005-03,중국언어와문화I,0.08 : 1,0.15 : 1,0.03 : 1,0.02 : 1,신청없음
LCS2005-04,중국언어와문화I,0.43 : 1,0.90 : 1,0.27 : 1,0.08 : 1,신청없음
LCS2006-01,중국언어와문화II,0.47 : 1,0.70 : 1,0.38 : 1,신청없음,0.11 : 1
LCS2006-02,중국언어와문화II,0.73 : 1,1.40 : 1,0.50 : 1,0.20 : 1,0.08 : 1
LCS2007-01,일본언어와문화I,0.30 : 1,0.14 : 1,0.24 : 1,신청없음,0.09 : 1
LCS2007-02,일본언어와문화I,0.47 : 1,0.57 : 1,0.20 : 1,0.06 : 1,0.11 : 1
LCS2007-03,일본언어와문화I,0.73 : 1,1.29 : 1,0.33 : 1,신청없음,0.08 : 1
LCS2007-04,일본언어와문화I,0.27 : 1,0.29 : 1,0.05 : 1,0.05 : 1,0.08 : 1
LCS2007-05,일본언어와문화I,1.33 : 1,1.00 : 1,1.22 : 1,2.25 : 1,2.00 : 1
LCS2007-06,일본언어와문화I,0.27 : 1,0.43 : 1,신청없음,신청없음,0.08 : 1
LCS2008-01,일본언어와문화II,0.63 : 1,1.30 : 1,0.30 : 1,신청없음,0.18 : 1
LCS2008-02,일본언어와문화II,0.53 : 1,0.20 : 1,0.44 : 1,0.19 : 1,0.18 : 1
LCU4011-01,고급영어회화,0.12 : 1,쿼터없음,신청없음,신청없음,0.12 : 1
LCU4011-02,고급영어회화,0.12 : 1,쿼터없음,신청없음,0.06 : 1,0.08 : 1
LCU4015-01,영화를통한영어연습,1.54 : 1,쿼터없음,2.13 : 1,1.11 : 1,1.33 : 1
LCU4015-02,영화를통한영어연습,0.88 : 1,쿼터없음,0.88 : 1,0.50 : 1,0.71 : 1
LCU4015-03,영화를통한영어연습,1.88 : 1,쿼터없음,2.50 : 1,1.33 : 1,1.89 : 1
LCU4015-04,영화를통한영어연습,1.92 : 1,쿼터없음,2.50 : 1,1.00 : 1,2.22 : 1
LCU4017-01,비즈니스영어연습,0.31 : 1,쿼터없음,0.13 : 1,0.06 : 1,0.25 : 1
LCU4017-02,비즈니스영어연습,1.23 : 1,쿼터없음,0.88 : 1,0.70 : 1,1.50 : 1
LCU4018-01,연극을통한영어연습,0.35 : 1,쿼터없음,0.25 : 1,0.07 : 1,0.22 : 1
LCU4021-01,초급라틴어,0.27 : 1,0.40 : 1,0.08 : 1,신청없음,0.11 : 1
LCU4025-01,초급이탈리아어,0.05 : 1,0.07 : 1,신청없음,신청없음,0.03 : 1
LCU4029-01,이탈리아사회와문화,0.08 : 1,신청없음,0.02 : 1,0.03 : 1,0.05 : 1
LCU4035-01,초급러시아어,0.63 : 1,0.55 : 1,0.21 : 1,0.13 : 1,0.38 : 1
LCU4103-01,기본영어,0.46 : 1,0.19 : 1,0.24 : 1,0.12 : 1,0.18 : 1
LCU4103-02,기본영어,0.54 : 1,0.50 : 1,0.17 : 1,0.07 : 1,0.20 : 1
LCU4107-01,튜터링을통한글쓰기능력신장,1.58 : 1,쿼터없음,0.70 : 1,0.28 : 1,1.82 : 1
LCU4107-02,튜터링을통한글쓰기능력신장,1.35 : 1,쿼터없음,0.50 : 1,0.35 : 1,1.50 : 1
LCU4114-01,중급아랍어,0.04 : 1,0.03 : 1,0.03 : 1,신청없음,신청없음
LED3002-01,리더십훈련,0.23 : 1,0.07 : 1,0.10 : 1,신청없음,0.18 : 1
LED3010-01,발표와토론,0.13 : 1,0.20 : 1,신청없음,신청없음,0.10 : 1
MAE2001-01,미디어&엔터테인먼트개론,1.22 : 1,0.15 : 1,0.95 : 1,1.25 : 1,3.00 : 1
MAE2003-01,영상제작[캡스톤디자인],1.50 : 1,쿼터없음,1.70 : 1,1.80 : 1,1.00 : 1
MAE3001-01,매스커뮤니케이션,1.42 : 1,0.20 : 1,1.29 : 1,2.00 : 1,1.60 : 1
MAE3002-01,"미디어,인간,사회",1.14 : 1,쿼터없음,0.80 : 1,1.05 : 1,1.30 : 1
MAE3003-01,미디어심리학,2.46 : 1,0.40 : 1,1.57 : 1,3.47 : 1,3.40 : 1
MAE3004-01,영화입문,3.40 : 1,쿼터없음,3.20 : 1,4.15 : 1,2.80 : 1
MAE3007-01,드라마의창조적해석,0.30 : 1,쿼터없음,0.30 : 1,0.29 : 1,0.05 : 1
MAE3014-01,커뮤니케이션학입문,2.00 : 1,3.60 : 1,1.00 : 1,2.60 : 1,1.20 : 1
MAE4005-01,Non-Fiction Filmmaking Workshop,3.17 : 1,쿼터없음,쿼터없음,2.17 : 1,3.83 : 1
MAE4018-01,단편영화제작워크숍[캡스톤디자인],0.90 : 1,쿼터없음,0.33 : 1,0.73 : 1,0.80 : 1
MAE4021-01,공연의미학과이론,0.57 : 1,쿼터없음,0.55 : 1,0.59 : 1,0.19 : 1
MAE4023-01,연출입문,1.67 : 1,쿼터없음,2.20 : 1,1.60 : 1,1.20 : 1
MAE4032-01,디지털미디어정책론,1.78 : 1,쿼터없음,0.45 : 1,1.58 : 1,2.45 : 1
MAE4035-01,모바일커뮤니케이션,2.85 : 1,쿼터없음,1.75 : 1,3.75 : 1,3.05 : 1
MAS1003-01,The art of storytelling,2.17 : 1,2.55 : 1,1.20 : 1,쿼터없음,쿼터없음
MAS1003-02,The art of storytelling,2.28 : 1,2.97 : 1,0.60 : 1,쿼터없음,쿼터없음
MAS1003-03,The art of storytelling,0.02 : 1,0.02 : 1,신청없음,쿼터없음,쿼터없음
MAS1004-01,Data&AI,0.73 : 1,0.67 : 1,0.45 : 1,쿼터없음,쿼터없음
MAS1004-02,Data&AI,0.90 : 1,0.54 : 1,0.71 : 1,쿼터없음,쿼터없음
MAS1004-03,Data&AI,0.83 : 1,0.46 : 1,0.58 : 1,쿼터없음,쿼터없음
MAS2002-01,전략커뮤니케이션,2.96 : 1,3.80 : 1,2.40 : 1,3.47 : 1,3.00 : 1
MAS2004-01,인간소통과미디어,3.34 : 1,5.60 : 1,4.95 : 1,1.45 : 1,1.47 : 1
MAS3001-01,미디어커뮤니케이션조사론,0.82 : 1,쿼터없음,2.10 : 1,0.65 : 1,0.26 : 1
MAS3001-02,미디어커뮤니케이션조사론,0.86 : 1,쿼터없음,1.70 : 1,0.80 : 1,0.42 : 1
MAT1060-01,미적분학실습II,1.00 : 1,0.55 : 1,쿼터없음,4.00 : 1,3.00 : 1
MAT1060-02,미적분학실습II,0.62 : 1,0.27 : 1,쿼터없음,3.00 : 1,1.00 : 1
MAT1060-03,미적분학실습II,0.77 : 1,0.73 : 1,쿼터없음,신청없음,1.00 : 1
MAT1060-04,미적분학실습II,0.77 : 1,0.82 : 1,쿼터없음,신청없음,0.50 : 1
MAT1060-05,미적분학실습II,1.69 : 1,1.36 : 1,쿼터없음,4.00 : 1,2.00 : 1
MAT2010-01,집합론,0.38 : 1,0.33 : 1,0.08 : 1,0.05 : 1,신청없음
MAT2110-01,선형대수학,0.87 : 1,쿼터없음,0.60 : 1,0.62 : 1,0.45 : 1
MAT2110-02,선형대수학,1.35 : 1,쿼터없음,0.93 : 1,1.92 : 1,1.80 : 1
MAT2110-03,선형대수학,1.28 : 1,쿼터없음,1.00 : 1,2.10 : 1,1.60 : 1
MAT2120-01,정수론,0.48 : 1,쿼터없음,0.67 : 1,0.23 : 1,0.06 : 1
MAT2120-02,정수론,0.75 : 1,쿼터없음,0.97 : 1,0.43 : 1,0.27 : 1
MAT2220-01,고등미적분학II,0.55 : 1,쿼터없음,0.50 : 1,0.30 : 1,0.13 : 1
MAT2220-02,고등미적분학II,0.68 : 1,쿼터없음,0.28 : 1,0.31 : 1,0.49 : 1
MAT2230-01,미분방정식,0.37 : 1,쿼터없음,0.20 : 1,0.10 : 1,0.21 : 1
MAT2230-02,미분방정식,1.00 : 1,쿼터없음,1.20 : 1,0.75 : 1,0.60 : 1
MAT2420-01,응용수학II,1.03 : 1,쿼터없음,0.80 : 1,0.71 : 1,1.20 : 1
MAT2420-02,응용수학II,0.46 : 1,쿼터없음,0.32 : 1,0.13 : 1,0.13 : 1
MAT3020-01,통계학입문,0.60 : 1,쿼터없음,1.00 : 1,0.55 : 1,0.17 : 1
MAT3020-02,통계학입문,0.40 : 1,쿼터없음,0.50 : 1,0.23 : 1,0.16 : 1
MAT3310-01,다양체기하학,0.35 : 1,쿼터없음,신청없음,0.04 : 1,0.33 : 1
MAT3410-01,확률론입문,0.85 : 1,쿼터없음,0.10 : 1,0.44 : 1,0.79 : 1
MAT3420-01,금융수학,0.85 : 1,쿼터없음,0.20 : 1,0.44 : 1,0.78 : 1
MAT4120-01,추상대수학II,0.60 : 1,쿼터없음,0.10 : 1,0.28 : 1,0.50 : 1
MAT4220-01,복소수함수론II,0.28 : 1,쿼터없음,0.10 : 1,0.15 : 1,0.19 : 1
MAT4320-01,위상수학개론I,1.20 : 1,쿼터없음,0.30 : 1,0.76 : 1,1.41 : 1
MAT4331-01,산업수학종합설계,0.40 : 1,쿼터없음,쿼터없음,0.14 : 1,0.36 : 1
MATG110-01,고급선형대수학,0.42 : 1,쿼터없음,0.10 : 1,0.10 : 1,0.37 : 1
MATG220-01,실해석학II,0.10 : 1,쿼터없음,신청없음,0.07 : 1,0.06 : 1
MATQ982-01,수학교과논리및논술,0.10 : 1,쿼터없음,신청없음,신청없음,0.10 : 1
MEE1005-01,C프로그래밍기초,0.48 : 1,쿼터없음,0.43 : 1,0.08 : 1,0.04 : 1
MEE2007-01,공학수학II,0.78 : 1,쿼터없음,0.66 : 1,0.32 : 1,0.35 : 1
MEE2008-01,공학설계개론,0.65 : 1,0.68 : 1,0.24 : 1,0.10 : 1,0.04 : 1
MEE2008-02,공학설계개론,0.68 : 1,0.60 : 1,0.28 : 1,0.17 : 1,0.13 : 1
MEE2012-01,유체역학I,0.14 : 1,쿼터없음,0.14 : 1,0.06 : 1,신청없음
MEE2012-02,유체역학I,1.36 : 1,쿼터없음,1.38 : 1,2.10 : 1,0.50 : 1
MEE2013-01,동역학,0.15 : 1,쿼터없음,0.14 : 1,0.04 : 1,신청없음
MEE2013-02,동역학,1.33 : 1,쿼터없음,1.36 : 1,1.60 : 1,0.80 : 1
MEE2014-01,디자인과재료,0.68 : 1,쿼터없음,0.49 : 1,0.38 : 1,0.33 : 1
MEE2025-01,모형설계제작,0.83 : 1,쿼터없음,0.90 : 1,0.25 : 1,0.20 : 1
MEE2025-02,모형설계제작,0.54 : 1,쿼터없음,0.45 : 1,0.31 : 1,신청없음
MEE2026-01,2DCAD,0.44 : 1,쿼터없음,0.54 : 1,0.13 : 1,0.04 : 1
MEE3002-01,열역학II,0.48 : 1,쿼터없음,쿼터없음,0.40 : 1,0.23 : 1
MEE3005-01,공학수치해석,0.64 : 1,쿼터없음,쿼터없음,0.72 : 1,0.26 : 1
MEE3005-02,공학수치해석,0.66 : 1,쿼터없음,쿼터없음,0.72 : 1,0.26 : 1
MEE3011-01,부품설계,0.45 : 1,쿼터없음,쿼터없음,0.53 : 1,0.25 : 1
MEE3012-01,자동차동력공학,0.09 : 1,쿼터없음,쿼터없음,0.06 : 1,0.06 : 1
MEE3015-01,설계방법론(캡스톤디자인),0.67 : 1,쿼터없음,쿼터없음,0.76 : 1,0.14 : 1
MEE3015-02,설계방법론(캡스톤디자인),0.73 : 1,쿼터없음,쿼터없음,0.82 : 1,0.17 : 1
MEE3025-01,기계공학실험I,1.17 : 1,쿼터없음,쿼터없음,1.20 : 1,0.80 : 1
MEE3025-02,기계공학실험I,0.07 : 1,쿼터없음,쿼터없음,0.08 : 1,신청없음
MEE3025-03,기계공학실험I,1.90 : 1,쿼터없음,쿼터없음,1.80 : 1,2.40 : 1
MEE3301-01,연구프로젝트Ⅰ,1.40 : 1,쿼터없음,쿼터없음,0.60 : 1,쿼터없음
MEE3301-02,연구프로젝트Ⅰ,1.60 : 1,쿼터없음,쿼터없음,0.40 : 1,쿼터없음
MEE4001-01,유한요소해석,0.46 : 1,쿼터없음,쿼터없음,0.52 : 1,0.27 : 1
MEE4016-01,바이오모방공학개론,0.74 : 1,쿼터없음,쿼터없음,0.60 : 1,0.61 : 1
MEE4021-01,창의적종합설계,0.43 : 1,쿼터없음,쿼터없음,쿼터없음,0.43 : 1
MEE4042-01,열유체시스템설계,0.35 : 1,쿼터없음,쿼터없음,0.07 : 1,0.33 : 1
MEE4047-01,기계공학세미나,0.15 : 1,쿼터없음,쿼터없음,0.07 : 1,0.10 : 1
MEEG012-01,전산유체역학,0.52 : 1,쿼터없음,쿼터없음,0.30 : 1,0.43 : 1
MEEG013-01,고급제어1,0.75 : 1,쿼터없음,쿼터없음,0.77 : 1,0.59 : 1
MEEG111-01,실험계획법과통계분석,0.10 : 1,쿼터없음,쿼터없음,0.03 : 1,0.08 : 1
MGT2002-01,경영통계학,1.57 : 1,2.40 : 1,0.47 : 1,0.78 : 1,0.36 : 1
MGT2002-02,경영통계학,0.84 : 1,1.60 : 1,0.50 : 1,0.59 : 1,0.24 : 1
MGT2002-03,경영통계학,1.91 : 1,2.71 : 1,0.80 : 1,2.42 : 1,0.90 : 1
MGT2002-04,경영통계학,0.51 : 1,0.25 : 1,0.22 : 1,0.27 : 1,0.08 : 1
MGT2002-05,경영통계학,0.53 : 1,0.63 : 1,0.21 : 1,0.13 : 1,0.13 : 1
MGT2002-06,경영통계학,0.07 : 1,0.11 : 1,0.02 : 1,신청없음,신청없음
MGT2003-01,회계학원론,2.63 : 1,5.20 : 1,0.85 : 1,0.56 : 1,0.43 : 1
MGT2003-02,회계학원론,1.43 : 1,1.88 : 1,0.59 : 1,1.18 : 1,2.10 : 1
MGT2003-03,회계학원론,0.24 : 1,0.15 : 1,0.02 : 1,0.10 : 1,0.12 : 1
MGT2003-04,회계학원론,1.26 : 1,2.50 : 1,0.46 : 1,0.62 : 1,0.25 : 1
MGT2003-05,회계학원론,1.81 : 1,1.68 : 1,1.16 : 1,3.55 : 1,3.50 : 1
MGT3001-01,조직행동이론,0.91 : 1,쿼터없음,0.80 : 1,0.97 : 1,0.45 : 1
MGT3001-02,조직행동이론,1.93 : 1,쿼터없음,1.83 : 1,2.07 : 1,1.80 : 1
MGT3001-03,조직행동이론,0.63 : 1,쿼터없음,0.60 : 1,0.24 : 1,0.36 : 1
MGT3001-04,조직행동이론,0.46 : 1,쿼터없음,0.17 : 1,0.31 : 1,0.21 : 1
MGT3002-01,경영정보시스템,0.11 : 1,신청없음,0.10 : 1,0.06 : 1,0.03 : 1
MGT3002-02,경영정보시스템,1.70 : 1,쿼터없음,0.90 : 1,2.35 : 1,1.90 : 1
MGT3002-03,경영정보시스템,3.47 : 1,0.50 : 1,3.16 : 1,5.00 : 1,2.95 : 1
MGT3002-04,경영정보시스템,0.50 : 1,신청없음,0.17 : 1,0.29 : 1,0.33 : 1
MGT3003-01,생산관리론,1.43 : 1,쿼터없음,2.00 : 1,1.88 : 1,0.40 : 1
MGT3003-02,생산관리론,0.21 : 1,쿼터없음,0.45 : 1,0.11 : 1,0.04 : 1
MGT3003-03,생산관리론,0.23 : 1,쿼터없음,0.25 : 1,0.28 : 1,신청없음
MGT3003-04,생산관리론,2.60 : 1,쿼터없음,3.50 : 1,3.80 : 1,0.64 : 1
MGT3004-01,재무관리,2.11 : 1,0.50 : 1,3.24 : 1,2.30 : 1,0.80 : 1
MGT3004-02,재무관리,0.71 : 1,쿼터없음,0.36 : 1,0.78 : 1,0.31 : 1
MGT3004-03,재무관리,1.83 : 1,0.50 : 1,1.28 : 1,2.90 : 1,1.65 : 1
MGT3004-04,재무관리,0.74 : 1,0.20 : 1,0.68 : 1,0.69 : 1,0.38 : 1
MGT3004-05,재무관리,1.20 : 1,0.40 : 1,1.04 : 1,1.80 : 1,0.85 : 1
MGT3005-01,관리회계,2.29 : 1,0.30 : 1,1.45 : 1,5.80 : 1,3.10 : 1
MGT3005-02,관리회계,1.06 : 1,0.20 : 1,0.73 : 1,1.13 : 1,1.10 : 1
MGT3005-03,관리회계,1.03 : 1,신청없음,0.24 : 1,0.94 : 1,1.15 : 1
MGT3006-01,마케팅원론,3.00 : 1,1.80 : 1,3.10 : 1,4.90 : 1,1.55 : 1
MGT3006-02,마케팅원론,0.26 : 1,쿼터없음,0.37 : 1,0.06 : 1,0.07 : 1
MGT3006-03,마케팅원론,0.54 : 1,쿼터없음,0.47 : 1,0.53 : 1,0.11 : 1
MGT3006-04,마케팅원론,0.22 : 1,쿼터없음,0.13 : 1,0.13 : 1,0.02 : 1
MGT3006-05,마케팅원론,1.45 : 1,0.60 : 1,1.21 : 1,1.90 : 1,1.40 : 1
MGT3007-01,국제경영론,0.40 : 1,쿼터없음,0.65 : 1,0.26 : 1,0.16 : 1
MGT3007-02,국제경영론,1.33 : 1,쿼터없음,1.55 : 1,1.95 : 1,0.77 : 1
MGT3007-03,국제경영론,2.64 : 1,쿼터없음,3.45 : 1,3.85 : 1,1.30 : 1
MGT3007-04,국제경영론,0.37 : 1,쿼터없음,0.45 : 1,0.42 : 1,0.08 : 1
MGT3007-05,국제경영론,2.67 : 1,쿼터없음,1.55 : 1,3.20 : 1,2.90 : 1
MGT4102-01,경영전략,2.36 : 1,쿼터없음,쿼터없음,2.38 : 1,2.07 : 1
MGT4102-02,경영전략,0.47 : 1,쿼터없음,1.00 : 1,0.32 : 1,0.32 : 1
MGT4102-03,경영전략,1.26 : 1,쿼터없음,3.70 : 1,0.80 : 1,0.68 : 1
MGT4103-01,조직구조와전략,1.10 : 1,쿼터없음,0.05 : 1,0.54 : 1,1.15 : 1
MGT4105-01,기업윤리,3.17 : 1,쿼터없음,4.50 : 1,2.77 : 1,3.13 : 1
MGT4106-01,인적자원관리,0.79 : 1,쿼터없음,쿼터없음,0.25 : 1,0.72 : 1
MGT4106-02,인적자원관리,0.96 : 1,쿼터없음,1.40 : 1,1.07 : 1,0.80 : 1
MGT4109-01,기업지배구조와기업전략,0.56 : 1,쿼터없음,쿼터없음,0.38 : 1,0.44 : 1
MGT4201-01,의사결정론,1.01 : 1,쿼터없음,0.10 : 1,0.70 : 1,1.03 : 1
MGT4202-01,통계자료분석,0.59 : 1,신청없음,0.20 : 1,0.40 : 1,0.38 : 1
MGT4203-01,경영과학,0.18 : 1,신청없음,신청없음,0.07 : 1,0.14 : 1
MGT4203-02,경영과학,0.53 : 1,신청없음,0.24 : 1,0.23 : 1,0.39 : 1
MGT4203-03,경영과학,0.60 : 1,쿼터없음,0.20 : 1,0.56 : 1,0.35 : 1
MGT4206-01,경영환경에서의시계열자료분석과예측(캡스톤디자인),0.95 : 1,쿼터없음,쿼터없음,0.80 : 1,0.92 : 1
MGT4207-01,응용경영통계,0.69 : 1,쿼터없음,0.10 : 1,0.42 : 1,0.54 : 1
MGT4221-01,경영과정보기술,0.22 : 1,신청없음,신청없음,0.10 : 1,쿼터없음
MGT4224-01,전자상거래개론,0.13 : 1,쿼터없음,신청없음,0.04 : 1,0.10 : 1
MGT4225-01,전사적자원관리소프트웨어활용,1.39 : 1,쿼터없음,신청없음,0.90 : 1,2.00 : 1
MGT4226-01,빅데이터와비즈니스인텔리젼스,3.13 : 1,신청없음,0.80 : 1,3.00 : 1,5.85 : 1
MGT4227-01,지식경영과서비스혁신,0.13 : 1,신청없음,신청없음,0.04 : 1,0.10 : 1
MGT4229-01,미래창업을위한창의성과창의경영,1.67 : 1,신청없음,0.10 : 1,0.77 : 1,2.52 : 1
MGT4241-01,기술경영,3.74 : 1,쿼터없음,1.30 : 1,3.64 : 1,5.80 : 1
MGT4248-01,비즈니스프로세스관리,1.26 : 1,쿼터없음,0.10 : 1,0.65 : 1,1.45 : 1
MGT4301-01,투자론,1.10 : 1,쿼터없음,0.16 : 1,0.89 : 1,1.28 : 1
MGT4301-02,투자론,1.76 : 1,신청없음,0.47 : 1,1.64 : 1,2.50 : 1
MGT4303-01,파생상품론,2.63 : 1,쿼터없음,쿼터없음,2.27 : 1,2.97 : 1
MGT4303-02,파생상품론,0.64 : 1,0.10 : 1,0.07 : 1,0.51 : 1,0.42 : 1
MGT4304-01,포트폴리오관리,0.41 : 1,신청없음,신청없음,0.32 : 1,0.24 : 1
MGT4307-01,금융기관론,1.39 : 1,0.10 : 1,0.45 : 1,1.14 : 1,2.10 : 1
MGT4308-01,벤처캐피탈과투자분석(캡스톤디자인),0.16 : 1,쿼터없음,쿼터없음,0.05 : 1,0.14 : 1
MGT4313-01,벤처와금융시장(캡스톤디자인),2.62 : 1,쿼터없음,0.73 : 1,2.13 : 1,4.10 : 1
MGT4331-01,보험학원론,1.04 : 1,신청없음,0.17 : 1,0.58 : 1,1.08 : 1
MGT4401-01,중급회계1,0.89 : 1,쿼터없음,0.67 : 1,0.73 : 1,0.57 : 1
MGT4401-02,중급회계1,1.79 : 1,쿼터없음,1.27 : 1,1.83 : 1,3.20 : 1
MGT4402-01,중급회계2,0.74 : 1,쿼터없음,0.30 : 1,0.52 : 1,0.51 : 1
MGT4404-01,원가회계,2.46 : 1,쿼터없음,1.23 : 1,2.96 : 1,4.00 : 1
MGT4406-01,세무회계,1.64 : 1,쿼터없음,0.30 : 1,1.35 : 1,2.07 : 1
MGT4503-01,시장조사론,0.80 : 1,쿼터없음,0.05 : 1,0.10 : 1,0.78 : 1
MGT4507-01,유통전략론,1.30 : 1,쿼터없음,0.25 : 1,0.62 : 1,1.51 : 1
MGT4510-01,국제마케팅론,0.40 : 1,쿼터없음,신청없음,0.18 : 1,0.33 : 1
MGT4516-01,인공지능과마케팅,0.64 : 1,쿼터없음,신청없음,0.25 : 1,0.57 : 1
MGT4601-01,기업과국제환경,1.41 : 1,쿼터없음,0.25 : 1,0.94 : 1,1.88 : 1
MGT4601-02,기업과국제환경,0.31 : 1,쿼터없음,0.05 : 1,0.12 : 1,0.24 : 1
MGT4604-01,국제경영전략,0.54 : 1,쿼터없음,신청없음,0.43 : 1,0.40 : 1
MGT4605-01,무역경영관리,1.66 : 1,쿼터없음,0.35 : 1,1.09 : 1,2.43 : 1
MGT4607-01,국제금융시장론,0.63 : 1,쿼터없음,0.10 : 1,0.33 : 1,0.50 : 1
MGT4613-01,중국시장및경영환경의이해,3.00 : 1,쿼터없음,0.30 : 1,2.12 : 1,4.40 : 1
MGT4701-01,경영영어라이팅,0.80 : 1,쿼터없음,쿼터없음,0.20 : 1,0.74 : 1
MGT4713-01,사회적가치창출프랙티컴,1.94 : 1,쿼터없음,쿼터없음,1.66 : 1,2.23 : 1
MGT4717-01,"지식,인성그리고경영(심화)",쿼터없음,쿼터없음,쿼터없음,쿼터없음,쿼터없음
MGTG205-01,재무제표분석(캡스톤디자인),0.47 : 1,쿼터없음,0.30 : 1,0.11 : 1,0.41 : 1
PEP3000-01,"현대문명의정치,경제,철학적이해",0.05 : 1,0.04 : 1,0.01 : 1,0.03 : 1,0.01 : 1
PHI2001-01,철학개론,0.40 : 1,0.65 : 1,0.30 : 1,0.11 : 1,0.14 : 1
PHI2004-01,한국철학사,0.40 : 1,0.40 : 1,0.19 : 1,0.32 : 1,0.13 : 1
PHI2007-01,인식론,0.60 : 1,1.40 : 1,0.85 : 1,0.22 : 1,0.16 : 1
PHI2008-01,윤리학,0.26 : 1,0.50 : 1,0.28 : 1,0.11 : 1,0.04 : 1
PHI3001-01,서양고대철학사,0.97 : 1,쿼터없음,0.80 : 1,0.96 : 1,0.90 : 1
PHI3004-01,서양현대철학사,0.40 : 1,쿼터없음,0.65 : 1,0.33 : 1,0.05 : 1
PHI3007-01,아우구스티누스철학,0.33 : 1,쿼터없음,0.35 : 1,0.21 : 1,0.13 : 1
PHI3011-01,독일관념론,0.10 : 1,쿼터없음,0.05 : 1,0.08 : 1,0.04 : 1
PHI3022-01,철학적인간학,0.07 : 1,쿼터없음,신청없음,0.03 : 1,0.05 : 1
PHI3026-01,심리철학,0.38 : 1,쿼터없음,0.25 : 1,0.34 : 1,0.14 : 1
PHI3028-01,기호논리학,0.37 : 1,쿼터없음,0.15 : 1,0.22 : 1,0.22 : 1
PHI3034-01,"위진,당철학사",0.28 : 1,쿼터없음,0.25 : 1,0.09 : 1,0.17 : 1
PHI3037-01,도가철학,0.28 : 1,쿼터없음,0.30 : 1,0.12 : 1,0.14 : 1
PHI3043-01,주자학,0.32 : 1,쿼터없음,0.05 : 1,0.13 : 1,0.24 : 1
PHI4038-01,철학상담,0.07 : 1,쿼터없음,신청없음,0.03 : 1,0.05 : 1
PHIG083-01,서양철학읽기,0.12 : 1,쿼터없음,0.05 : 1,0.05 : 1,0.07 : 1
PHY1001-01,일반물리I,1.24 : 1,0.70 : 1,1.28 : 1,2.80 : 1,1.20 : 1
PHY1002-01,일반물리II,1.00 : 1,0.72 : 1,0.83 : 1,0.56 : 1,1.00 : 1
PHY1002-02,일반물리II,1.11 : 1,0.90 : 1,1.60 : 1,1.40 : 1,0.40 : 1
PHY1002-03,일반물리II,0.29 : 1,0.14 : 1,0.19 : 1,0.06 : 1,신청없음
PHY1002-04,일반물리II,1.14 : 1,0.98 : 1,1.55 : 1,1.00 : 1,1.80 : 1
PHY1002-05,일반물리II,0.46 : 1,0.58 : 1,신청없음,0.08 : 1,신청없음
PHY1002-06,일반물리II,0.10 : 1,0.06 : 1,0.04 : 1,0.02 : 1,0.02 : 1
PHY1002-07,일반물리II,0.67 : 1,0.66 : 1,0.30 : 1,0.08 : 1,0.15 : 1
PHY1102-01,일반물리실험II,1.94 : 1,1.75 : 1,3.50 : 1,3.00 : 1,신청없음
PHY1102-02,일반물리실험II,0.81 : 1,0.25 : 1,0.45 : 1,0.71 : 1,신청없음
PHY1102-03,일반물리실험II,1.13 : 1,1.33 : 1,0.50 : 1,0.50 : 1,신청없음
PHY1102-04,일반물리실험II,0.88 : 1,0.92 : 1,0.33 : 1,0.67 : 1,신청없음
PHY1102-05,일반물리실험II,0.25 : 1,0.25 : 1,0.09 : 1,신청없음,신청없음
PHY1102-06,일반물리실험II,0.69 : 1,0.92 : 1,신청없음,신청없음,신청없음
PHY1102-07,일반물리실험II,0.38 : 1,0.42 : 1,신청없음,신청없음,0.09 : 1
PHY1102-08,일반물리실험II,0.69 : 1,0.67 : 1,신청없음,0.14 : 1,0.29 : 1
PHY1102-09,일반물리실험II,1.25 : 1,1.50 : 1,0.50 : 1,0.50 : 1,신청없음
PHY1102-10,일반물리실험II,0.81 : 1,0.75 : 1,0.40 : 1,0.25 : 1,0.25 : 1
PHY1102-11,일반물리실험II,1.44 : 1,1.67 : 1,0.50 : 1,0.50 : 1,0.50 : 1
PHY1102-12,일반물리실험II,0.38 : 1,0.50 : 1,신청없음,신청없음,신청없음
PHY1102-13,일반물리실험II,0.31 : 1,0.25 : 1,신청없음,신청없음,0.15 : 1
PHY1102-14,일반물리실험II,0.63 : 1,0.33 : 1,0.40 : 1,0.14 : 1,0.14 : 1
PHY1102-15,일반물리실험II,0.31 : 1,0.25 : 1,0.09 : 1,0.09 : 1,신청없음
PHY1102-16,일반물리실험II,0.19 : 1,신청없음,0.14 : 1,0.08 : 1,신청없음
PHY1102-17,일반물리실험II,0.63 : 1,0.75 : 1,신청없음,신청없음,0.14 : 1
PHY1102-18,일반물리실험II,0.38 : 1,0.42 : 1,0.11 : 1,신청없음,신청없음
PHY1102-19,일반물리실험II,0.25 : 1,0.17 : 1,신청없음,신청없음,0.14 : 1
PHY1102-20,일반물리실험II,0.31 : 1,0.25 : 1,신청없음,0.17 : 1,신청없음
PHY2002-01,역학II,0.59 : 1,쿼터없음,0.93 : 1,0.45 : 1,0.09 : 1
PHY2003-01,전자기학I,0.19 : 1,쿼터없음,0.27 : 1,0.07 : 1,0.03 : 1
PHY2004-01,전자기학II,0.57 : 1,쿼터없음,1.00 : 1,0.45 : 1,0.03 : 1
PHY2006-01,수리물리학II,0.43 : 1,쿼터없음,0.80 : 1,0.15 : 1,0.05 : 1
PHY2009-01,현대물리학,0.89 : 1,쿼터없음,2.10 : 1,0.47 : 1,0.17 : 1
PHY2102-01,실험물리학II,1.14 : 1,쿼터없음,1.20 : 1,2.00 : 1,신청없음
PHY2102-02,실험물리학II,1.14 : 1,쿼터없음,1.60 : 1,신청없음,신청없음
PHY2102-03,실험물리학II,0.57 : 1,쿼터없음,0.80 : 1,신청없음,신청없음
PHY2102-04,실험물리학II,0.57 : 1,쿼터없음,0.70 : 1,신청없음,0.14 : 1
PHY3002-01,양자물리학II,0.43 : 1,쿼터없음,신청없음,0.24 : 1,0.31 : 1
PHY3004-01,통계물리학,0.54 : 1,쿼터없음,0.03 : 1,0.43 : 1,0.33 : 1
PHY3102-01,실험물리학Ⅳ,1.30 : 1,쿼터없음,신청없음,1.38 : 1,1.00 : 1
PHY3102-02,실험물리학Ⅳ,1.10 : 1,쿼터없음,신청없음,0.88 : 1,1.33 : 1
PHY3102-03,실험물리학Ⅳ,1.20 : 1,쿼터없음,신청없음,1.25 : 1,1.00 : 1
PHY3102-04,실험물리학Ⅳ,0.80 : 1,쿼터없음,신청없음,0.63 : 1,0.60 : 1
PHY4008-01,전산물리학II,0.19 : 1,쿼터없음,0.15 : 1,0.11 : 1,0.08 : 1
PHY4010-01,일반상대성이론,0.23 : 1,쿼터없음,신청없음,0.14 : 1,0.14 : 1
PHY4012-01,나노물리,0.09 : 1,쿼터없음,신청없음,0.04 : 1,0.06 : 1
PHY4013-01,바이오물리,0.06 : 1,쿼터없음,신청없음,신청없음,0.06 : 1
PHY4201-01,특수연구,0.03 : 1,쿼터없음,쿼터없음,0.03 : 1,0.02 : 1
PHY4202-01,물리학특강,0.13 : 1,쿼터없음,신청없음,0.08 : 1,0.08 : 1
PHY4203-01,물리특허와기술이전,0.02 : 1,쿼터없음,신청없음,신청없음,0.02 : 1
PHY4204-01,졸업프로젝트,0.03 : 1,쿼터없음,쿼터없음,신청없음,0.03 : 1
PHYG003-01,통계역학,0.08 : 1,쿼터없음,쿼터없음,신청없음,0.08 : 1
POL2002-01,정치학개론,0.25 : 1,0.21 : 1,0.03 : 1,0.06 : 1,0.06 : 1
POL2002-02,정치학개론,0.32 : 1,0.34 : 1,0.18 : 1,0.18 : 1,0.07 : 1
POL2004-01,연구방법론,0.08 : 1,0.04 : 1,0.06 : 1,0.01 : 1,0.03 : 1
POL3094-01,정당과정당제,0.70 : 1,0.67 : 1,0.38 : 1,0.33 : 1,0.40 : 1
POL3106-01,동양정치사상,0.22 : 1,0.06 : 1,0.07 : 1,0.11 : 1,0.10 : 1
POL3122-01,소유와화폐의정치,0.10 : 1,신청없음,0.04 : 1,0.03 : 1,0.06 : 1
POL3132-01,동북아정치질서,0.26 : 1,0.10 : 1,0.13 : 1,0.11 : 1,0.11 : 1
POL3142-01,미국외교정책,0.17 : 1,0.02 : 1,0.13 : 1,0.07 : 1,0.06 : 1
POL3163-01,일본정치의이해,0.40 : 1,0.25 : 1,0.33 : 1,0.09 : 1,0.14 : 1
POL3165-01,중국정치의이해,1.05 : 1,쿼터없음,0.70 : 1,1.06 : 1,1.07 : 1
POL3170-01,유럽정치의이해,0.28 : 1,0.18 : 1,0.19 : 1,0.10 : 1,0.11 : 1
POL3179-01,비교민주주의론,0.06 : 1,0.02 : 1,0.02 : 1,0.04 : 1,0.02 : 1
POL3185-01,미국정치특강,0.59 : 1,0.30 : 1,0.48 : 1,0.23 : 1,0.32 : 1
POL4083-01,북한정치특강,0.65 : 1,0.92 : 1,0.46 : 1,0.13 : 1,0.33 : 1
POL4084-01,한반도정치론,0.28 : 1,0.02 : 1,0.17 : 1,0.17 : 1,0.10 : 1
POL4133-01,국제정치이론,0.16 : 1,0.02 : 1,0.09 : 1,0.06 : 1,0.07 : 1
POL4147-01,국제관계특강,0.15 : 1,신청없음,0.06 : 1,0.07 : 1,0.07 : 1
POL4155-01,국제관계실무토론과글쓰기,0.38 : 1,신청없음,0.13 : 1,0.05 : 1,0.31 : 1
PSY2001-01,일반심리학,1.80 : 1,1.27 : 1,1.47 : 1,2.10 : 1,쿼터없음
PSY2001-02,일반심리학,2.08 : 1,2.53 : 1,2.00 : 1,1.40 : 1,2.40 : 1
PSY2003-01,발달심리학,3.13 : 1,4.30 : 1,4.33 : 1,3.15 : 1,1.92 : 1
PSY3001-01,임상심리학,1.60 : 1,쿼터없음,1.60 : 1,1.47 : 1,1.70 : 1
PSY3002-01,상담심리학,0.92 : 1,쿼터없음,1.30 : 1,0.75 : 1,0.72 : 1
PSY3009-01,사회심리학,0.40 : 1,0.27 : 1,0.24 : 1,0.21 : 1,0.15 : 1
PSY3013-01,지각심리학,1.13 : 1,0.30 : 1,0.70 : 1,0.68 : 1,1.42 : 1
PSY3016-01,동기및정서심리학,1.11 : 1,0.25 : 1,0.77 : 1,1.00 : 1,1.45 : 1
PSY3020-01,아동청소년상담과심리치료,1.34 : 1,쿼터없음,0.90 : 1,1.64 : 1,1.33 : 1
PSY3025-01,개인차의심리학,2.69 : 1,쿼터없음,3.00 : 1,3.07 : 1,2.00 : 1
PSY4002-01,심리검사및측정,0.69 : 1,0.10 : 1,0.28 : 1,0.34 : 1,0.53 : 1
PSY4016-01,조직심리학,1.48 : 1,쿼터없음,1.80 : 1,1.33 : 1,1.40 : 1
PSY4019-01,독서심리학,0.83 : 1,쿼터없음,0.50 : 1,0.53 : 1,0.71 : 1
PSY4025-01,심리학연구방법론,0.28 : 1,쿼터없음,신청없음,0.13 : 1,0.22 : 1
PSY4045-01,자기와정체성,0.70 : 1,쿼터없음,0.60 : 1,0.42 : 1,0.59 : 1
PSY4046-01,성격심리학의주요관점,0.22 : 1,쿼터없음,신청없음,0.03 : 1,0.20 : 1
PSYG002-01,인지실험심리학,0.22 : 1,쿼터없음,신청없음,0.17 : 1,0.13 : 1
PSYG003-01,실험설계및통계분석,0.50 : 1,쿼터없음,신청없음,0.20 : 1,0.44 : 1
PUB2001-01,법과정의,0.95 : 1,쿼터없음,쿼터없음,0.40 : 1,0.81 : 1
PUB2005-01,법과현대사회,0.95 : 1,0.80 : 1,0.42 : 1,0.47 : 1,0.89 : 1
PUB2006-01,사회현상과법,0.21 : 1,신청없음,0.03 : 1,0.08 : 1,0.15 : 1
PUB3001-01,국민의기본적권리에대한이해,1.00 : 1,신청없음,0.15 : 1,0.48 : 1,쿼터없음
PUB3002-01,국가와통치구조에대한이해,0.29 : 1,0.05 : 1,0.13 : 1,0.07 : 1,0.19 : 1
PUB3003-01,법치행정의이해,0.31 : 1,0.03 : 1,0.20 : 1,0.16 : 1,0.13 : 1
PUB3005-01,재산관계와법II,0.50 : 1,쿼터없음,신청없음,0.20 : 1,0.38 : 1
PUB3006-01,가족관계와법,0.33 : 1,0.25 : 1,0.09 : 1,0.15 : 1,0.16 : 1
PUB3008-01,범죄와형벌의이해,0.13 : 1,신청없음,0.04 : 1,0.03 : 1,0.09 : 1
PUB3010-01,기업과법,0.23 : 1,신청없음,0.03 : 1,0.03 : 1,0.19 : 1
PUB3015-01,소유권과법,0.39 : 1,신청없음,0.23 : 1,0.14 : 1,0.23 : 1
PUB3019-01,미국의법체계와소송,0.66 : 1,0.15 : 1,0.41 : 1,0.36 : 1,0.43 : 1
PUB4002-01,환경과법,0.16 : 1,신청없음,0.03 : 1,0.07 : 1,0.11 : 1
PUB4010-01,형사절차의이해Ⅱ,0.16 : 1,신청없음,0.08 : 1,0.11 : 1,0.06 : 1
REL2001-01,종교의이해,0.15 : 1,0.30 : 1,신청없음,0.07 : 1,0.03 : 1
REL3010-01,현대사회와이슬람교,0.04 : 1,0.03 : 1,0.01 : 1,0.01 : 1,0.03 : 1
REL3017-01,중국문화속의유교와도교,0.04 : 1,신청없음,신청없음,0.01 : 1,0.03 : 1
REL3018-01,불교강독,0.03 : 1,신청없음,0.03 : 1,0.01 : 1,0.01 : 1
REL3020-01,유교강독,0.01 : 1,신청없음,신청없음,신청없음,0.01 : 1
REL3021-01,도교강독,0.35 : 1,0.60 : 1,0.21 : 1,0.05 : 1,0.13 : 1
REL3022-01,한국종교의이해,0.25 : 1,0.30 : 1,0.18 : 1,신청없음,0.12 : 1
REL3028-01,종교인류학,0.23 : 1,0.10 : 1,신청없음,0.10 : 1,0.14 : 1
REL3039-01,종교간의대화,0.04 : 1,신청없음,0.04 : 1,0.02 : 1,0.01 : 1
RELG001-01,종교연구방법론,0.06 : 1,신청없음,0.01 : 1,0.03 : 1,0.04 : 1
ROT4001-01,안보학,0.25 : 1,쿼터없음,쿼터없음,0.25 : 1,쿼터없음
ROT4003-01,조직리더십,0.05 : 1,쿼터없음,쿼터없음,쿼터없음,0.05 : 1
SHS2001-01,현대사회의이해,0.80 : 1,1.57 : 1,0.27 : 1,0.24 : 1,0.29 : 1
SHS2001-02,현대사회의이해,1.04 : 1,2.33 : 1,0.40 : 1,0.34 : 1,0.20 : 1
SHS2002-01,한국과세계,0.74 : 1,2.12 : 1,0.60 : 1,0.03 : 1,0.08 : 1
SHS2002-02,한국과세계,0.28 : 1,0.80 : 1,0.13 : 1,0.04 : 1,0.03 : 1
SHS2002-03,한국과세계,0.59 : 1,1.36 : 1,0.40 : 1,0.13 : 1,0.17 : 1
SHS2002-04,한국과세계,0.12 : 1,0.40 : 1,신청없음,0.02 : 1,0.01 : 1
SHS2002-05,한국과세계,0.43 : 1,0.38 : 1,쿼터없음,쿼터없음,쿼터없음
SHS2002-06,한국과세계,0.60 : 1,0.58 : 1,쿼터없음,쿼터없음,쿼터없음
SHS2002-07,한국과세계,0.34 : 1,쿼터없음,0.20 : 1,0.10 : 1,0.15 : 1
SHS2003-01,커뮤니케이션과사회,0.11 : 1,0.18 : 1,0.07 : 1,0.02 : 1,0.03 : 1
SHS2005-01,법과지식산업,0.21 : 1,0.40 : 1,신청없음,신청없음,0.04 : 1
SHS2005-02,법과지식산업,0.19 : 1,0.23 : 1,0.08 : 1,0.01 : 1,0.04 : 1
SHS2005-03,법과지식산업,1.67 : 1,2.08 : 1,1.30 : 1,1.20 : 1,1.70 : 1
SHS2005-04,법과지식산업,2.39 : 1,3.35 : 1,1.70 : 1,1.10 : 1,2.50 : 1
SHS2005-05,법과지식산업,0.82 : 1,1.33 : 1,0.40 : 1,0.09 : 1,0.26 : 1
SHS2007-01,생활속의심리학,1.04 : 1,1.96 : 1,0.30 : 1,0.31 : 1,0.30 : 1
SHS2007-02,생활속의심리학,1.03 : 1,2.20 : 1,1.50 : 1,0.20 : 1,0.11 : 1
SHS2007-03,생활속의심리학,2.60 : 1,6.00 : 1,2.05 : 1,0.85 : 1,1.30 : 1
SHU4001-01,북한의이해와통일후한국,0.17 : 1,0.06 : 1,0.07 : 1,0.08 : 1,0.07 : 1
SHU4004-01,평화교육론,0.02 : 1,신청없음,신청없음,신청없음,0.02 : 1
SHU4006-01,인권과정의,0.08 : 1,신청없음,0.03 : 1,신청없음,0.07 : 1
SHU4007-01,국제이해교육,0.07 : 1,0.04 : 1,0.01 : 1,신청없음,0.06 : 1
SHU4023-01,성의식과인간이해,0.01 : 1,신청없음,신청없음,신청없음,0.01 : 1
SHU4027-01,영화로사회읽기,0.32 : 1,0.24 : 1,0.11 : 1,0.08 : 1,0.19 : 1
SHU4031-01,인권과교육,0.09 : 1,신청없음,신청없음,0.02 : 1,0.07 : 1
SHU4054-01,인간관계의심리와대인관계기술,1.90 : 1,쿼터없음,2.05 : 1,1.10 : 1,2.40 : 1
SHU4067-01,동남아시아현대사회의이해,0.13 : 1,신청없음,신청없음,0.03 : 1,0.10 : 1
SHU4068-01,한중정치사회의이해(중국어),0.68 : 1,쿼터없음,1.80 : 1,0.33 : 1,0.16 : 1
SHU4068-02,한중정치사회의이해(중국어),0.70 : 1,쿼터없음,1.70 : 1,0.47 : 1,0.13 : 1
SHU4068-03,한중정치사회의이해(중국어),1.25 : 1,쿼터없음,2.50 : 1,1.27 : 1,0.33 : 1
SHU4071-01,기업으로본아시아현대사회,0.27 : 1,0.50 : 1,0.12 : 1,0.02 : 1,0.14 : 1
SOC2001-01,사회학개론,0.28 : 1,0.23 : 1,0.13 : 1,0.08 : 1,0.11 : 1
SOC2001-02,사회학개론,0.16 : 1,0.18 : 1,0.02 : 1,0.02 : 1,0.03 : 1
SOC2007-01,이론과사회:현대에서포스트모던이론까지,0.54 : 1,0.50 : 1,0.43 : 1,0.49 : 1,0.15 : 1
SOC3001-01,문화사회학,0.19 : 1,0.10 : 1,신청없음,0.08 : 1,0.12 : 1
SOC3003-01,사회심리학,1.01 : 1,1.75 : 1,1.50 : 1,0.53 : 1,0.45 : 1
SOC3011-01,도시사회학,0.73 : 1,0.10 : 1,0.26 : 1,0.47 : 1,0.56 : 1
SOC3012-01,성과사회,0.10 : 1,신청없음,0.10 : 1,0.05 : 1,0.03 : 1
SOC3014-01,종교사회학,0.14 : 1,신청없음,0.07 : 1,0.02 : 1,0.10 : 1
SOC3018-01,일상생활의사회학,0.12 : 1,0.15 : 1,0.03 : 1,0.03 : 1,0.06 : 1
SOC3019-01,교육사회학,0.34 : 1,0.30 : 1,0.11 : 1,0.23 : 1,0.15 : 1
SOC3022-01,경제사회학,0.33 : 1,신청없음,0.25 : 1,0.17 : 1,0.16 : 1
SOC3031-01,과학사회학,0.24 : 1,0.30 : 1,0.07 : 1,0.04 : 1,0.16 : 1
SOC3032-01,현대사회와세대문제,0.23 : 1,0.07 : 1,0.07 : 1,0.14 : 1,0.10 : 1
SOC3046-01,한국사회론,0.15 : 1,0.05 : 1,0.10 : 1,0.11 : 1,0.03 : 1
SOC4001-01,졸업논문,0.05 : 1,쿼터없음,쿼터없음,쿼터없음,0.05 : 1
SPM3001-01,운동처방,0.08 : 1,신청없음,신청없음,0.03 : 1,0.06 : 1
SPM3004-01,스포츠프로모션,0.14 : 1,0.08 : 1,신청없음,0.08 : 1,0.07 : 1
SPM3005-01,레크리에이션의이론과실제,0.05 : 1,0.10 : 1,신청없음,0.03 : 1,신청없음
SPM3006-01,스포츠경영특강,0.02 : 1,신청없음,신청없음,0.03 : 1,신청없음
SPM3007-01,스포츠사회학,0.12 : 1,신청없음,0.04 : 1,0.08 : 1,0.04 : 1
SPM3008-01,스포츠커뮤니케이션,0.08 : 1,신청없음,신청없음,0.03 : 1,0.06 : 1
SPM3009-01,스포츠마케팅,0.14 : 1,0.08 : 1,0.04 : 1,0.03 : 1,0.09 : 1
SPM3011-01,스포츠생리학,0.40 : 1,0.42 : 1,0.16 : 1,0.10 : 1,0.23 : 1
SPM3012-01,스포츠심리학,0.02 : 1,신청없음,신청없음,0.03 : 1,신청없음
SPM3106-01,체력트레이닝,0.77 : 1,신청없음,0.36 : 1,0.18 : 1,0.68 : 1
SPM3113-02,댄스스포츠I,0.23 : 1,신청없음,신청없음,0.05 : 1,0.21 : 1
SPM3119-01,파워요가,0.10 : 1,신청없음,신청없음,신청없음,0.10 : 1
SPM3120-01,댄스피트니스,0.07 : 1,신청없음,신청없음,0.05 : 1,0.03 : 1
SPM3120-02,댄스피트니스,0.03 : 1,신청없음,신청없음,신청없음,0.03 : 1
STS2001-01,자연과인간,1.64 : 1,3.00 : 1,1.50 : 1,1.10 : 1,0.95 : 1
STS2002-01,생명과환경,0.30 : 1,0.34 : 1,0.06 : 1,0.07 : 1,0.05 : 1
STS2002-02,생명과환경,1.28 : 1,1.50 : 1,0.93 : 1,1.08 : 1,1.20 : 1
STS2004-01,대학수학,3.32 : 1,2.64 : 1,8.20 : 1,4.67 : 1,6.00 : 1
STS2004-02,대학수학,0.32 : 1,0.16 : 1,0.15 : 1,0.07 : 1,0.02 : 1
STS2004-03,대학수학,0.53 : 1,0.34 : 1,0.24 : 1,0.03 : 1,0.15 : 1
STS2004-04,대학수학,0.12 : 1,0.06 : 1,0.04 : 1,0.02 : 1,0.02 : 1
STS2004-05,대학수학,0.98 : 1,0.74 : 1,0.89 : 1,0.80 : 1,0.67 : 1
STS2004-06,대학수학,0.23 : 1,0.18 : 1,0.04 : 1,0.06 : 1,신청없음
STS2004-07,대학수학,0.30 : 1,0.14 : 1,0.13 : 1,0.09 : 1,0.02 : 1
STS2004-08,대학수학,0.17 : 1,0.08 : 1,0.10 : 1,0.02 : 1,신청없음
STS2005-01,미적분학I,2.30 : 1,1.48 : 1,8.00 : 1,5.33 : 1,4.00 : 1
STS2006-01,미적분학II,0.28 : 1,0.31 : 1,신청없음,신청없음,신청없음
STS2006-02,미적분학II,0.47 : 1,0.24 : 1,0.21 : 1,0.05 : 1,0.14 : 1
STS2006-03,미적분학II,1.82 : 1,1.58 : 1,4.00 : 1,1.67 : 1,2.50 : 1
STS2006-04,미적분학II,0.70 : 1,0.68 : 1,0.24 : 1,0.11 : 1,0.05 : 1
STS2006-05,미적분학II,0.58 : 1,0.58 : 1,0.15 : 1,0.08 : 1,신청없음
STS2006-06,미적분학II,1.25 : 1,1.38 : 1,0.60 : 1,0.60 : 1,신청없음
STS2006-07,미적분학II,0.27 : 1,0.24 : 1,0.07 : 1,신청없음,0.02 : 1
STS2006-08,미적분학II,1.57 : 1,1.40 : 1,2.80 : 1,2.33 : 1,1.50 : 1
STS2006-09,미적분학II,1.78 : 1,1.50 : 1,4.00 : 1,3.00 : 1,1.50 : 1
STS2006-10,미적분학II,0.87 : 1,0.70 : 1,0.60 : 1,0.36 : 1,0.11 : 1
STS2006-11,미적분학II,0.78 : 1,0.66 : 1,0.55 : 1,0.08 : 1,0.07 : 1
STS2008-01,고급응용C프로그래밍,0.71 : 1,쿼터없음,0.66 : 1,0.35 : 1,0.19 : 1
STS2008-02,고급응용C프로그래밍,0.71 : 1,쿼터없음,0.46 : 1,0.38 : 1,0.30 : 1
STS2008-03,고급응용C프로그래밍,0.09 : 1,쿼터없음,0.03 : 1,0.05 : 1,0.02 : 1
STS2008-04,고급응용C프로그래밍,0.71 : 1,쿼터없음,0.63 : 1,0.39 : 1,0.19 : 1
STS2010-01,과학사,1.99 : 1,3.37 : 1,0.85 : 1,0.62 : 1,0.87 : 1
STS2010-02,과학사,0.26 : 1,0.20 : 1,0.14 : 1,0.04 : 1,0.07 : 1
STS2011-01,기초빅데이터프로그래밍,1.10 : 1,쿼터없음,0.27 : 1,0.67 : 1,1.30 : 1
STS2011-02,기초빅데이터프로그래밍,1.13 : 1,쿼터없음,0.55 : 1,0.73 : 1,1.43 : 1
STU4004-01,생명의신비,0.12 : 1,신청없음,0.10 : 1,0.03 : 1,0.05 : 1
STU4005-01,바다의이해,2.63 : 1,1.40 : 1,1.45 : 1,1.40 : 1,6.25 : 1
STU4011-01,우주와원자시대,0.01 : 1,0.03 : 1,신청없음,신청없음,신청없음
STU4011-02,우주와원자시대,1.16 : 1,1.67 : 1,0.90 : 1,0.50 : 1,0.44 : 1
STU4011-03,우주와원자시대,1.36 : 1,2.23 : 1,0.55 : 1,0.26 : 1,0.50 : 1
STU4016-01,사상의학의이해,0.49 : 1,0.24 : 1,0.23 : 1,0.10 : 1,0.35 : 1
STU4023-01,우주와인생,0.18 : 1,0.13 : 1,0.03 : 1,0.02 : 1,0.13 : 1
SUA2003-01,창의적문제해결과신제품개발(스타트업),0.17 : 1,쿼터없음,0.30 : 1,0.06 : 1,0.04 : 1
SUA2005-01,실전스타트업(캡스톤디자인),0.15 : 1,쿼터없음,쿼터없음,신청없음,0.10 : 1
SUA4003-01,벤처창업과투자유치실습,0.27 : 1,쿼터없음,0.10 : 1,0.05 : 1,0.21 : 1
SUA4010-01,스타트업사업운영실습,0.13 : 1,쿼터없음,신청없음,0.05 : 1,0.10 : 1
TLS1001-01,독서와토론,1.03 : 1,0.33 : 1,1.00 : 1,1.20 : 1,1.00 : 1
TLS1002-01,비평적글쓰기연습,0.83 : 1,0.20 : 1,0.24 : 1,0.67 : 1,0.55 : 1
TLS1002-02,비평적글쓰기연습,2.17 : 1,0.47 : 1,1.08 : 1,4.80 : 1,4.00 : 1
TLS1003-01,스토리텔링글쓰기연습,3.07 : 1,2.47 : 1,3.80 : 1,3.40 : 1,3.80 : 1
TLS1003-02,스토리텔링글쓰기연습,0.50 : 1,0.27 : 1,0.06 : 1,0.25 : 1,0.25 : 1
TLS1004-01,영어글로벌의사소통II,0.73 : 1,1.29 : 1,0.86 : 1,0.14 : 1,0.25 : 1
TLS1004-02,영어글로벌의사소통II,0.62 : 1,1.57 : 1,0.43 : 1,0.10 : 1,0.07 : 1
TLS1004-03,영어글로벌의사소통II,1.04 : 1,2.57 : 1,0.71 : 1,0.25 : 1,0.17 : 1
TLS1004-04,영어글로벌의사소통II,0.65 : 1,1.71 : 1,0.29 : 1,0.18 : 1,0.07 : 1
TLS1004-05,영어글로벌의사소통II,0.46 : 1,0.71 : 1,0.56 : 1,0.10 : 1,0.07 : 1
TLS1004-06,영어글로벌의사소통II,0.19 : 1,신청없음,0.14 : 1,0.06 : 1,0.09 : 1
TLS1004-07,영어글로벌의사소통II,1.00 : 1,2.14 : 1,1.00 : 1,0.33 : 1,0.20 : 1
TLS1004-08,영어글로벌의사소통II,0.96 : 1,2.86 : 1,0.43 : 1,0.10 : 1,0.07 : 1
TLS1004-09,영어글로벌의사소통II,0.77 : 1,1.71 : 1,0.57 : 1,0.33 : 1,0.08 : 1