과목번호-분반,과목명,교수,학점,수업시간/강의실,학년,강의평,담은 인원,비고
GES3009-01,여성심리학,이수련,3,월 13:30~14:45 / 금 12:00~13:15 [D406],전학년,,5,권장학년: 1-4학년
GESG001-01,여성학이론,임옥희,3,목 14:00~17:00 [J111],,,3,권장학년: 3-4학년
ZGKAP25-01,일반한국어5(교환학생용),조수진,12,"월,화,수,목,금 14:30~16:30",,,0,권장학년: 1-4학년
ENG2001-01,영문학개론,장기윤,3,월 10:30~11:45 / 수 12:00~13:15 [J325],1학년,,25,영어강의
ENG2001-02,영문학개론,김태원,3,"화,목 13:30~14:45 [J327]",1학년,,39,영어강의
ENG2003-01,언어학개론,Barrie Michael Jonathan Mathew,3,"화,목 12:00~13:15 [J325]",전학년,,8,영어강의
ENG2005-01,영국문화사,김치헌,3,"화,목 09:00~10:15 [J107]",전학년,,17,영어강의
ENG2007-01,영미수필,신경원,3,"화,목 12:00~13:15 [J217]",전학년,,2,권장학년: 2-4학년
ENG2101-01,영문학작문,"Bonfiglio, Richard Paul",3,월 12:00~13:15 / 금 10:30~11:45 [J202],"1,2학년",,10,영어강의
ENG2101-02,영문학작문,김치헌,3,"화,목 10:30~11:45 [J313]","1,2학년",,18,영어강의
ENG2101-03,영문학작문,신문주,3,"수,금 09:00~10:15 [J313]","3,4학년",,2,영어강의
ENG2106-01,시사영문강독,이성범,3,"화,목 09:00~10:15 [J307]",전학년,,18,권장학년: 1-4학년
ENG3005-01,17세기영문학,김태원,3,"화,목 16:30~17:45 [J327]","2,3,4학년",,15,권장학년: 2-4학년
ENG3008-01,초기영국소설,신경원,3,"화,목 15:00~16:15 [J317]","2,3,4학년",,3,권장학년: 2-4학년
ENG3009-01,빅토리아시대의영문학,"Bonfiglio, Richard Paul",3,"월,금 16:30~17:45 [J217]","2,3,4학년",,6,영어강의
ENG3013-01,초기및19세기미국시,신문주,3,"수,금 15:00~16:15 [J215]","2,3,4학년",,13,권장학년: 2-4학년
ENG3105-01,최근영국문학,김영주,3,월 15:00~16:15 / 수 16:30~17:45 [J219],"2,3,4학년",,5,권장학년: 2-4학년
ENG3106-01,현대미국희곡,Chambers Claire Maria,3,"수,금 13:30~14:45 [J307]","2,3,4학년",,8,영어강의
ENG3216-01,영문학특강,황은주,3,"수,금 13:30~14:45 [J602]","2,3,4학년",,6,권장학년: 2-4학년
ENG3220-01,서양작가론,장기윤,3,월 13:30~14:45 / 금 12:00~13:15 [J219],"2,3,4학년",,7,영어강의
ENG3232-01,영문자서전창작,"Disney, Daniel James Philip",3,월 15:00~16:15 / 수 16:30~17:45 [J313],"2,3,4학년",,4,영어강의
ENG3301-01,영어음성학,정인기,3,"화,목 10:30~11:45 [J319]","2,3,4학년",,3,영어강의
ENG3308-01,심리언어학,조숙환,3,"화,목 13:30~14:45 [J209]","2,3,4학년",,22,권장학년: 2-4학년
ENG3310-01,담화분석개론,이요안,3,월 10:30~11:45 / 수 12:00~13:15 [J602],"2,3,4학년",,6,영어강의
ENG3314-01,모국어습득론,조숙환,3,"화,목 16:30~17:45 [J128]","2,3,4학년",,6,권장학년: 1-4학년
ENG3316-01,"영어듣기,말하기캡스톤디자인",Yoo Isaiah Wonho,3,"화,목 15:00~16:15 [J315]","3,4학년",,4,영어강의
HIS2003-01,한국사개론,김아네스,3,월 09:00~10:15 / 수 10:30~11:45 [J325],전학년,,4,권장학년: 2-4학년
HIS2004-01,동아시아사개론,전인갑,3,"화,목 12:00~13:15 [J602]",전학년,,13,권장학년: 2-4학년
HIS2005-01,서양사개론,임지현,3,"수,금 15:00~16:15 [J107]",전학년,,20,권장학년: 2-4학년
HIS2006-01,역사학입문,임상우,3,월 10:30~11:45 / 수 12:00~13:15 [J311],전학년,,32,권장학년: 1-4학년
HIS3003-01,조선시대사,계승범,3,"화,목 12:00~13:15 [J309]",전학년,,13,권장학년: 2-4학년
HIS3008-01,중국근세사,방향숙,3,월 12:00~13:15 / 금 10:30~11:45 [J215],전학년,,15,권장학년: 2-4학년
HIS3014-01,일본사개설,정녕,3,월 10:30~11:45 / 수 12:00~13:15 [J202],전학년,,8,권장학년: 2-4학년
HIS3015-01,요동사,정면,3,"수,금 15:00~16:15 [J319]",전학년,,6,권장학년: 2-4학년
HIS3021-01,서양고대사,오흥식,3,"월,금 16:30~17:45 [J204]",전학년,,6,권장학년: 2-4학년
HIS3022-01,서양중세사,박효근,3,월 10:30~11:45 / 수 12:00~13:15 [J317],전학년,,5,권장학년: 2-4학년
HIS3026-01,민족주의와제국주의시대사,이종훈,3,"화,목 15:00~16:15 [J307]",전학년,,14,권장학년: 2-4학년
HIS3037-01,미국사개설,"Santoro, Anthony",3,"화,목 10:30~11:45 [J215]",전학년,,6,영어강의
HIS3039-01,한국사학사,최기영,3,"화,목 10:30~11:45 [J609]",전학년,,5,권장학년: 2-4학년
HIS3042-01,한국정치사,조범환,3,"화,목 13:30~14:45 [J609]",전학년,,1,권장학년: 2-4학년
POL3061-01,한국정치사,손호철,3,"화,목 13:30~14:45 [K302]",전학년,,53,권장학년: 1-4학년
POL4114-01,한국현대정치사상사,강정인,3,월 15:00~16:15 / 수 16:30~17:45 [D502],전학년,,7,권장학년: 1-4학년
HIS3047-01,한일관계사,허지은,3,"수,금 09:00~10:15 [J219]",전학년,,3,권장학년: 2-4학년
HIS3069-01,근대시민혁명사,백인호,3,"수,금 13:30~14:45 [J207]",전학년,,4,권장학년: 2-4학년
HIS3072-01,문화유산현장실습3,조범환,1,화 16:30~18:15 [J307],전학년,,6,권장학년: 1-4학년
HIS4013-01,서양사특강2,임지현,3,"수,금 13:30~14:45 [J609]",전학년,,2,권장학년: 3-4학년
HIS4015-01,미국사특강1,"Santoro, Anthony",3,"화,목 12:00~13:15 [J317]",전학년,,0,영어강의
HISQ981-01,역사교과교육론,백은진,3,월 15:00~16:15 / 수 16:30~17:45 [J126],전학년,,0,권장학년: 3-4학년
PHI2002-01,동양철학개론,류희성,3,"화,목 12:00~13:15 [J207]",전학년,,6,권장학년: 2-4학년
PHI2003-01,서양철학사,서동욱,3,월 10:30~11:45 / 수 12:00~13:15 [J107],전학년,,29,권장학년: 2-4학년
PHI2005-01,논리학개론,석기용,3,"수,금 09:00~10:15 [J102]",전학년,,29,권장학년: 2-4학년
PHI2006-01,형이상학,박병준,3,"화,목 09:00~10:15 [J325]",전학년,,8,권장학년: 2-4학년
PHI2008-01,윤리학,이상섭,3,월 10:30~11:45 / 수 12:00~13:15 [J215],전학년,,4,권장학년: 2-4학년
ETU4002-01,정보윤리학,구자윤,3,"화,목 13:30~14:45 [K306]","2,3,4학년",,2,권장학년: 1-4학년
PHI3005-01,플라톤철학,전헌상,3,"화,목 13:30~14:45 [J107]",전학년,,21,권장학년: 2-4학년
PHI3008-01,토마스철학,이상섭,3,월 15:00~16:15 / 수 16:30~17:45 [J609],전학년,,5,권장학년: 2-4학년
PHI3009-01,대륙합리론,홍우람,3,"수,금 13:30~14:45 [J107]",전학년,,14,권장학년: 2-4학년
PHI3012-01,현대프랑스철학,서동욱,3,월 15:00~16:15 / 수 16:30~17:45 [J209],전학년,,3,권장학년: 2-4학년
PHI3014-01,미학개론,김산춘,3,"화,목 10:30~11:45 [J325]",전학년,,6,권장학년: 2-4학년
PHI3033-01,"선진,한철학사",정재현,3,"화,목 15:00~16:15 [J107]",전학년,,8,영어강의
PHI3037-01,도가철학,최진석,3,"화,목 10:30~11:45 [J107]",전학년,,15,권장학년: 2-4학년
PHI4015-01,한국철학특강,조성환,3,"월,금 16:30~17:45 [J317]",전학년,,5,권장학년: 2-4학년
PHI4023-01,생명윤리,김완구,3,"수,금 13:30~14:45 [J317]",전학년,,0,권장학년: 2-4학년
HFU4003-01,생명윤리,우재명,3,"화,목 10:30~11:45 [D402]",전학년,,14,권장학년: 1-4학년
PHI4035-01,예술철학특강,김산춘,3,"화,목 15:00~16:15 [J327]","2,3,4학년",,4,권장학년: 2-4학년
PHIQ982-01,철학교과교육론,백은진,3,월 15:00~16:15 / 수 16:30~17:45 [J126],전학년,,1,권장학년: 3-4학년
MAT1050-01,미적분학실습I,김종락,1,월 13:00~14:50 [RA205],전학년,,8,권장학년: 1학년
MAT1050-02,미적분학실습I,김종락,1,월 15:00~16:50 [RA205],전학년,,15,권장학년: 1학년
MAT1050-03,미적분학실습I,김종락,1,월 17:00~18:50 [RA205],전학년,,9,권장학년: 1학년
MAT1050-04,미적분학실습I,김종락,1,수 13:00~14:50 [RA205],전학년,,10,권장학년: 1학년
MAT1050-05,미적분학실습I,김종락,1,금 13:00~14:50 [RA205],전학년,,8,권장학년: 1학년
MAT1050-06,미적분학실습I,김종락,1,금 15:00~16:50 [RA205],전학년,,11,권장학년: 1학년
MAT2010-01,집합론,박성호,3,"화,목 10:30~11:45 [RA408]",전학년,,25,공학인증
MAT2010-02,집합론,신창언,3,"수,금 13:30~14:45 [RA308]",전학년,,28,공학인증
MAT2110-01,선형대수학,하구용,3,월 10:30~11:45 / 수 12:00~13:15 [RA308],전학년,,36,공학인증
MAT2110-02,선형대수학,조성희,3,월 12:00~13:15 / 금 10:30~11:45 [RA308],전학년,,29,공학인증
MAT2110-03,선형대수학,하구용,3,월 15:00~16:15 / 수 16:30~17:45 [RA408],전학년,,25,공학인증
MAT2110-04,선형대수학,조성희,3,"수,금 09:00~10:15 [RA308]",전학년,,22,공학인증
MAT2210-01,고등미적분학I,김현석,3,"화,목 10:30~11:45 [RA308]",전학년,,38,권장학년: 2학년
MAT2210-02,고등미적분학I,이영란,3,월 15:00~16:15 / 수 16:30~17:45 [RA308],전학년,,30,권장학년: 2학년
MAT2410-01,응용수학I,임경필,3,"화,목 09:00~10:15 [RA308]",전학년,,29,공학인증
MAT2410-02,응용수학I,유지현,3,"화,목 12:00~13:15 [K407]",전학년,,17,공학인증
MAT3010-01,다변수함수,조상현,3,월 10:30~11:45 / 수 12:00~13:15 [RA310],전학년,,19,권장학년: 2학년
MAT3010-02,다변수함수,임경수,3,"화,목 10:30~11:45 [RA310]",전학년,,5,권장학년: 2학년
MAT3020-01,통계학입문,임경필,3,"화,목 13:30~14:45 [RA408]",전학년,,17,권장학년: 2학년
MAT3110-01,이산수학,오영탁,3,월 15:00~16:15 / 수 16:30~17:45 [RA310],전학년,,11,권장학년: 3-4학년
MAT3430-01,응용통계학및실습,임경필,3,월 09:00~10:15 / 수 10:30~11:45 [RA205],"2,3,4학년",,6,권장학년: 3-4학년
MAT3430-02,응용통계학및실습,임경필,3,월 10:30~11:45 / 수 12:00~13:15 [AS111],"2,3,4학년",,1,권장학년: 3-4학년
MAT3440-01,통신수학,김종락,3,월 10:30~11:45 / 수 12:00~13:15 [RA406B],전학년,,3,영어강의
MAT4110-01,추상대수학I,김대산,3,"화,목 12:00~13:15 [RA408]",전학년,,14,영어강의
MAT4110-02,추상대수학I,오영탁,3,월 10:30~11:45 / 수 12:00~13:15 [RA408],전학년,,20,권장학년: 3학년
MAT4210-01,복소수함수론I,조상현,3,"수,금 09:00~10:15 [RA406A]",전학년,,8,권장학년: 3학년
MAT4210-02,복소수함수론I,정순영,3,"화,목 13:30~14:45 [RA406A]",전학년,,6,권장학년: 3학년
MAT4310-01,미분기하학,김종수,3,"화,목 13:30~14:45 [RA410]",전학년,,18,권장학년: 3학년
MAT4330-01,위상수학개론II,"Ho, Pak Tung",3,"수,금 13:30~14:45 [RA406A]",전학년,,5,영어강의
MAT4510-01,학부개별연구,김현석,3,수 15:00~17:30,"3,4학년",,0,권장학년: 3-4학년
MATG210-01,실해석학I,신창언,3,"화,목 10:30~11:45 [K204]",전학년,,5,권장학년: 4학년
MATQ981-01,수학교과교육론,김구연,3,"화,목 12:00~13:15 [J126]",전학년,,4,영어강의
PHY1001-01,일반물리I,정현식,3,월 09:00~10:15 / 수 10:30~11:45 [RA310],전학년,,33,권장학년: 1학년
PHY1001-02,일반물리I,박광서,3,월 12:00~13:15 / 금 10:30~11:45 [RA410],전학년,,48,권장학년: 1학년
PHY1001-03,일반물리I,김현정,3,월 13:30~14:45 / 금 12:00~13:15 [RA310],전학년,,40,권장학년: 1학년
PHY1001-04,일반물리I,이기진,3,"화,목 09:00~10:15 [RA410]",전학년,,54,공학인증
PHY1001-05,일반물리I,조규만,3,"화,목 10:30~11:45 [RA406B]",전학년,,33,권장학년: 1학년
PHY1001-06,일반물리I,김도석,3,"화,목 12:00~13:15 [RA410]",전학년,,35,권장학년: 1학년
PHY1001-07,일반물리I,이범구,3,"화,목 13:30~14:45 [RA310]",전학년,,52,공학인증
PHY1001-08,일반물리I,박영재,3,"화,목 09:00~10:15 [RA310]",전학년,,36,권장학년: 1학년
PHY1001-09,일반물리I,김도현,3,"수,금 09:00~10:15 [RA310]",전학년,,44,권장학년: 1학년
PHY1001-10,일반물리I,손원민,3,"수,금 13:30~14:45 [K304]",전학년,,43,권장학년: 1학년
PHY1101-01,일반물리실험I,김도현,1,월 13:30~15:20 [R103],전학년,,9,권장학년: 1학년
PHY1101-02,일반물리실험I,박정혁,1,월 13:30~15:20 [R107],전학년,,21,공학인증
PHY1101-03,일반물리실험I,박정혁,1,월 15:30~17:20 [R103],전학년,,22,공학인증
PHY1101-04,일반물리실험I,이현철,1,월 15:30~17:20 [R107],전학년,,11,권장학년: 1학년
PHY1101-05,일반물리실험I,이기진,1,월 17:30~19:20 [R103],전학년,,11,권장학년: 1학년
PHY1101-06,일반물리실험I,정현식,1,월 17:30~19:20 [R107],전학년,,10,권장학년: 1학년
PHY1101-07,일반물리실험I,김도현,1,화 13:30~15:20 [R103],전학년,,10,공학인증
PHY1101-08,일반물리실험I,이범훈,1,화 13:30~15:20 [R107],전학년,,15,공학인증
PHY1101-09,일반물리실험I,이현철,1,화 15:30~17:20 [R103],전학년,,16,권장학년: 1학년
PHY1101-10,일반물리실험I,손원민,1,화 15:30~17:20 [R107],전학년,,11,권장학년: 1학년
PHY1101-11,일반물리실험I,손원민,1,화 17:30~19:20 [R103],전학년,,11,권장학년: 1학년
PHY1101-12,일반물리실험I,정현식,1,화 17:30~19:20 [R107],전학년,,13,권장학년: 1학년
PHY1101-13,일반물리실험I,박영재,1,수 13:30~15:20 [R103],전학년,,11,권장학년: 1학년
PHY1101-14,일반물리실험I,김원태,1,수 13:30~15:20 [R107],전학년,,10,권장학년: 1학년
PHY1101-15,일반물리실험I,김도현,1,수 15:30~17:20 [R103],전학년,,12,권장학년: 1학년
PHY1101-16,일반물리실험I,손원민,1,수 15:30~17:20 [R107],전학년,,5,권장학년: 1학년
PHY1101-17,일반물리실험I,김현정,1,수 17:30~19:20 [R103],전학년,,9,권장학년: 1학년
PHY1101-18,일반물리실험I,정명화,1,수 17:30~19:20 [R107],전학년,,4,권장학년: 1학년
PHY1101-19,일반물리실험I,이범훈,1,목 13:30~15:20 [R103],전학년,,12,공학인증
PHY1101-20,일반물리실험I,조규만,1,목 13:30~15:20 [R107],전학년,,9,공학인증
PHY1101-21,일반물리실험I,이현철,1,목 15:30~17:20 [R103],전학년,,10,권장학년: 1학년
PHY1101-22,일반물리실험I,손원민,1,목 15:30~17:20 [R107],전학년,,12,권장학년: 1학년
PHY1101-23,일반물리실험I,김원태,1,목 17:30~19:20 [R103],전학년,,6,권장학년: 1학년
PHY1101-24,일반물리실험I,이현철,1,목 17:30~19:20 [R107],전학년,,12,권장학년: 1학년
PHY1101-25,일반물리실험I,김원태,1,금 13:30~15:20 [R103],전학년,,8,권장학년: 1학년
PHY1101-26,일반물리실험I,이범훈,1,금 13:30~15:20 [R107],전학년,,7,권장학년: 1학년
PHY1101-27,일반물리실험I,정명화,1,금 15:30~17:20 [R103],전학년,,7,권장학년: 1학년
PHY1101-28,일반물리실험I,김도석,1,금 15:30~17:20 [R107],전학년,,7,권장학년: 1학년
PHY1101-29,일반물리실험I,이범훈,1,금 17:30~19:20 [R103],전학년,,10,권장학년: 1학년
PHY1101-30,일반물리실험I,이기진,1,금 17:30~19:20 [R107],전학년,,4,권장학년: 1학년
PHY2001-01,역학I,이현철,3,"수,금 13:30~14:45 [RA310]",전학년,,30,영어강의
MEE2022-01,열역학I,정시영,3,"화,목 10:30~11:45 [K307]","2,3,4학년",,23,권장학년: 2학년
MEE2022-02,열역학I,김원정,3,"수,금 09:00~10:15 [AS303]","2,3,4학년",,16,권장학년: 2학년
PHY2003-01,전자기학I,김현정,3,월 12:00~13:15 / 금 10:30~11:45 [RA310],전학년,,29,영어강의
PHY2005-01,수리물리학I,김원태,3,"화,목 13:30~14:45 [RA406B]",전학년,,28,영어강의
PHY2101-01,실험물리학I,정명화,2,월 15:00~18:50 [R110],전학년,,12,권장학년: 2학년
PHY2101-02,실험물리학I,조규만,2,수 15:00~18:50 [R110],전학년,,11,권장학년: 2학년
PHY2101-03,실험물리학I,이기진,2,금 15:00~18:50 [R110],전학년,,3,권장학년: 2학년
PHY3001-01,양자물리학I,조규만,3,"화,목 09:00~10:15 [RA406B]",전학년,,10,권장학년: 3학년
PHY3003-01,열역학,이범훈,3,월 13:30~14:45 / 금 12:00~13:15 [RA410],전학년,,10,권장학년: 3학년
CBE3002-01,공정열역학,임종성,3,"수,금 15:00~16:15 [K305]",전학년,,15,권장학년: 3학년
PHY3101-01,실험물리학III,김현정,2,월 15:00~18:50 [R108],전학년,,4,권장학년: 3학년
PHY3101-02,실험물리학III,김도석,2,수 15:00~18:50 [R108],전학년,,3,권장학년: 3학년
PHY3101-03,실험물리학III,정현식,2,금 15:00~18:50 [R108],전학년,,2,권장학년: 3학년
PHY3501-01,물리캡스톤디자인I,한도석,3,"수,금 15:00~16:15 [RA310]",전학년,,2,권장학년: 2-4학년
PHY4001-01,고체물리학I,김도석,3,"화,목 10:30~11:45 [RA406A]",전학년,,5,영어강의
PHY4007-01,전산물리학I,정명화,3,"화,목 15:00~17:00 [R106]",전학년,,5,영어강의
PHY4010-01,일반상대성이론,박정혁,3,"화,목 12:00~13:15 [RA406A]",전학년,,2,권장학년: 3-4학년
PHY4201-01,특수연구,박정혁,3,화 16:30~17:45,"3,4학년",,0,권장학년: 4학년
BIO4921-01,특수연구,정광환,3,,4학년,,0,
EEE4199-01,특수연구,안길초,3,,전학년,,0,
BNT3091-01,특수연구I,유양모,3,,4학년,,0,
PHY4203-01,물리특허와기술이전,김현진,1,화 15:00~15:50 [K208],전학년,,0,권장학년: 4학년
PHYG001-01,고전물리I,이현철,3,"화,목 13:30~14:45 [K506]",전학년,,1,권장학년: 4학년
ECO2001-01,경제학원론I,이수형,3,월 09:00~10:15 / 수 10:30~11:45 [K401],전학년,,37,영어강의
ECO2001-02,경제학원론I,안태현,3,월 10:30~11:45 / 수 12:00~13:15 [K501],전학년,,84,영어강의
ECO2001-03,경제학원론I,송의영,3,월 15:00~16:15 / 수 16:30~17:45 [K507],1학년,,39,권장학년: 1학년
ECO2001-04,경제학원론I,Iris Haydar Doruk,3,월 12:00~13:15 / 금 10:30~11:45 [K503],전학년,,51,영어강의
ECO2001-05,경제학원론I,사공용,3,"수,금 13:30~14:45 [K501]",전학년,,54,권장학년: 1학년
ECO2001-06,경제학원론I,이도성,3,"화,목 09:00~10:15 [K303]",전학년,,35,권장학년: 1학년
ECO2001-07,경제학원론I,남성일,3,"화,목 10:30~11:45 [K501]",1학년,,45,권장학년: 1학년
ECO2001-09,경제학원론I,전현배,3,"화,목 12:00~13:15 [K501]",전학년,,53,영어강의
ECO2001-10,경제학원론I,왕규호,3,"화,목 13:30~14:45 [K401]",전학년,,55,권장학년: 1학년
ECO2001-11,경제학원론I,이영구,3,"화,목 15:00~16:15 [K401]",전학년,,43,권장학년: 1학년
ECO2001-12,경제학원론I,변기석,3,"화,목 16:30~17:45 [K503]",전학년,,59,권장학년: 1학년
ECO2001-13,경제학원론I,김선옥,3,"월,금 16:30~17:45 [K306]",전학년,,5,권장학년: 1학년
ECO2002-01,경제학원론II,정재식,3,"수,금 09:00~10:15 [K405]",전학년,,25,권장학년: 1학년
ECO2002-02,경제학원론II,조장옥,3,"화,목 09:00~10:15 [K407]",전학년,,6,영어강의
ECO2002-03,경제학원론II,박정수,3,"화,목 12:00~13:15 [K402]",전학년,,31,권장학년: 1학년
ECO2002-04,경제학원론II,최인,3,"화,목 13:30~14:45 [K402]",전학년,,34,권장학년: 1학년
ECO2002-05,경제학원론II,변기석,3,월 12:00~13:15 / 금 10:30~11:45 [K403],전학년,,34,권장학년: 1학년
ECO2003-01,경제수리기초,이강오,3,월 09:00~10:15 / 수 10:30~11:45 [K403],전학년,,31,권장학년: 1학년
ECO2003-02,경제수리기초,황성하,3,"수,금 09:00~10:15 [K501]",전학년,,65,영어강의
ECO2003-03,경제수리기초,조원기,3,"화,목 09:00~10:15 [K503]",전학년,,50,영어강의
ECO2004-01,경제통계학,김윤정,3,월 12:00~13:15 / 금 10:30~11:45 [K501],전학년,,35,영어강의
ECO2004-02,경제통계학,사공용,3,"수,금 09:00~10:15 [K503]",전학년,,22,권장학년: 1학년
ECO2004-03,경제통계학,주하연,3,"수,금 13:30~14:45 [K405]",전학년,,33,영어강의
ECO2004-04,경제통계학,이한식,3,"화,목 10:30~11:45 [K407]",전학년,,13,권장학년: 1학년
ECO2006-01,미시경제학I,이진권,3,월 13:30~14:45 / 금 12:00~13:15 [K503],전학년,,32,영어강의
ECO2006-02,미시경제학I,전성훈,3,"수,금 13:30~14:45 [K403]",전학년,,13,권장학년: 2학년
ECO2006-03,미시경제학I,주하연,3,"수,금 15:00~16:15 [K401]",전학년,,40,권장학년: 2학년
ECO2006-04,미시경제학I,김도영,3,"화,목 12:00~13:15 [K403]",전학년,,54,영어강의
ECO2006-05,미시경제학I,왕규호,3,"화,목 15:00~16:15 [K407]",전학년,,18,권장학년: 2학년
ECO2007-01,거시경제학I,"Heshmati, Almas",3,월 09:00~10:15 / 수 10:30~11:45 [K507],전학년,,9,영어강의
ECO2007-02,거시경제학I,김윤정,3,월 13:30~14:45 / 금 12:00~13:15 [K501],전학년,,30,영어강의
ECO2007-03,거시경제학I,곽노선,3,"화,목 09:00~10:15 [K401]",전학년,,13,권장학년: 2학년
ECO2007-04,거시경제학I,조장옥,3,"화,목 10:30~11:45 [K401]",전학년,,34,권장학년: 2학년
ECOG020-01,고급거시경제학I,남주하,3,"수,금 15:00~16:15 [K505]",전학년,,1,권장학년: 4학년
ECO2008-01,수리경제학,황성하,3,"수,금 15:00~16:15 [K503]",전학년,,23,권장학년: 2학년
ECO2009-01,계량경제학I,남준우,3,"화,목 10:30~11:45 [K505]",전학년,,20,권장학년: 2-3학년
ECO2009-02,계량경제학I,이한식,3,"화,목 13:30~14:45 [K403]",전학년,,14,권장학년: 2-3학년
ECO2009-03,계량경제학I,이영훈,3,"화,목 15:00~16:15 [K501]",전학년,,20,권장학년: 2-3학년
ECOG030-01,고급계량경제학I,이영훈,3,"화,목 16:30~17:45 [K505]",전학년,,3,권장학년: 4학년
ECO3002-01,노동경제학,남성일,3,"화,목 13:30~14:45 [K501]",전학년,,19,권장학년: 3-4학년
ECO3008-01,금융경제학,남주하,3,"수,금 13:30~14:45 [K503]",전학년,,11,권장학년: 3-4학년
ECO3009-01,재정학,김홍균,3,"화,목 10:30~11:45 [K403]",전학년,,11,권장학년: 3-4학년
ECO3010-01,국제무역론,허정,3,"화,목 12:00~13:15 [K401]",전학년,,31,영어강의
ECO3011-01,국제금융론,정재식,3,"수,금 13:30~14:45 [K401]",전학년,,21,권장학년: 3-4학년
ECO4010-01,국제금융시장,박정수,3,"화,목 16:30~17:45 [K401]",전학년,,16,영어강의
MGT4607-01,국제금융시장론,강호상,3,"화,목 13:30~14:45 [MA102]","2,3,4학년",,23,권장학년: 2-4학년
POL4149-01,통화금융의국제정치,한영빈,3,"화,목 16:30~17:45 [D406]",전학년,,5,권장학년: 2-4학년
ECO3012-01,경제발전론I,이수형,3,월 15:00~16:15 / 수 16:30~17:45 [K509],전학년,,6,영어강의
ECO3018-01,경제학도를위한영어쓰기와말하기,"Kim, Young-il",3,월 10:30~11:45 / 수 12:00~13:15 [K505],전학년,,1,영어강의
ECO3019-01,인구경제학,"Kim, Young-il",3,월 09:00~10:15 / 수 10:30~11:45 [K501],전학년,,26,영어강의
ECO4002-01,거시경제학II,조장옥,3,월 15:00~16:15 / 수 16:30~17:45 [K403],전학년,,16,권장학년: 3-4학년
ECO4006-01,정보경제학,김도영,3,"화,목 16:30~17:45 [K402]",전학년,,18,권장학년: 3-4학년
ECO4008-01,금융정책,장동구,3,월 10:30~11:45 / 수 12:00~13:15 [K406],전학년,,5,권장학년: 3-4학년
ECO4009-01,파생상품시장,사공용,3,"수,금 15:00~16:15 [K501]",전학년,,15,권장학년: 3-4학년
ECO4014-01,한국경제론,이인실,3,월 09:00~10:15 / 수 10:30~11:45 [K203],전학년,,7,권장학년: 3-4학년
ECO4019-01,경제학특강2,김경록,3,수 15:00~17:45 [K306],전학년,,1,권장학년: 3-4학년
ECO4020-01,경제학특강3,송의영,3,월 10:30~11:45 / 수 12:00~13:15 [K503],전학년,,11,권장학년: 3-4학년
ECO4021-01,경제학특강4,이병남,3,"화,목 13:30~14:45 [K406]",전학년,,4,권장학년: 3-4학년
ECO4030-01,행동경제학,Iris Haydar Doruk,3,월 13:30~14:45 / 금 12:00~13:15 [K506],전학년,,3,영어강의
ECO4031-01,실험경제학,이진권,3,"월,금 16:30~17:45 [K509]","3,4학년",,2,권장학년: 2-4학년
ECO4032-01,금융시장계량분석(캡스톤디자인),최인,3,"화,목 15:00~16:15 [K406]",전학년,,2,권장학년: 3-4학년
ECO4033-01,거시경제지표분석(캡스톤디자인),김영익,3,"화,목 16:30~17:45 [K506]","2,3,4학년",,3,권장학년: 2-4학년
ECO4034-01,금융시장행태주의(behavioral)분석(캡스톤디자인),정재식,3,"수,금 15:00~16:15 [K406]",전학년,,1,권장학년: 3-4학년
BIO1101-01,일반생물학I,주봉건,3,월 10:30~11:45 / 수 12:00~13:15 [K203],전학년,,48,권장학년: 1학년
BIO1101-02,일반생물학I,차혁진,3,월 12:00~13:15 / 금 10:30~11:45 [K302],전학년,,44,권장학년: 1학년
BIO1101-03,일반생물학I,김건수,3,"화,목 10:30~11:45 [K305]",전학년,,44,권장학년: 1학년
BIO1101-04,일반생물학I,정광환,3,"수,금 09:00~10:15 [K303]",전학년,,39,권장학년: 1학년
BIO1105-01,일반생물학실험I,"Lee, Hosuk Sean",1,월 13:30~16:15 [K213],전학년,,14,영어강의
BIO1105-02,일반생물학실험I,"Lee, Hosuk Sean",1,월 16:30~19:15 [K213],전학년,,15,영어강의
BIO1105-03,일반생물학실험I,김건수,1,화 13:30~16:15 [K213],전학년,,14,권장학년: 1학년
BIO1105-04,일반생물학실험I,신형두,1,화 16:30~19:15 [K213],전학년,,16,권장학년: 1학년
BIO1105-05,일반생물학실험I,이갑열,1,수 13:30~16:15 [K213],전학년,,13,권장학년: 1학년
BIO1105-06,일반생물학실험I,이병하,1,수 16:30~19:15 [K213],전학년,,17,권장학년: 1학년
BIO1105-07,일반생물학실험I,이정하,1,목 13:30~16:15 [K213],전학년,,21,권장학년: 1학년
BIO1105-08,일반생물학실험I,정광환,1,목 16:30~19:15 [K213],전학년,,6,권장학년: 1학년
BIO1105-09,일반생물학실험I,주봉건,1,금 13:30~16:15 [K213],전학년,,9,권장학년: 1학년
BIO1105-10,일반생물학실험I,차혁진,1,금 16:30~19:15 [K213],전학년,,13,권장학년: 1학년
BIO2121-01,현대생물학실험I,한징택,2,금 13:30~17:15 [R204],전학년,,3,권장학년: 2학년
BIO2121-02,현대생물학실험I,김정호,2,화 13:30~17:15 [R204],전학년,,6,권장학년: 2학년
BIO2121-03,현대생물학실험I,"한징택, 김정호",2,수 13:30~17:15 [R204],전학년,,9,권장학년: 2학년
BIO2131-01,생화학I,이정국,3,"수,금 09:00~10:15 [K307]",전학년,,25,권장학년: 2학년
BIO2141-01,세포학,한징택,3,"화,목 09:00~10:15 [K212]",전학년,,20,권장학년: 2학년
BIO2350-01,숙주미생물상호작용,이갑열,3,월 10:30~11:45 / 수 12:00~13:15 [K208],전학년,,6,영어강의
BIO3123-01,현대생물학실험III,"김원선, 김성룡",2,화 13:30~17:15 [R210],전학년,,3,권장학년: 3학년
BIO3123-02,현대생물학실험III,김성룡,2,수 13:30~17:15 [R210],전학년,,8,권장학년: 3학년
BIO3123-03,현대생물학실험III,김원선,2,목 13:30~17:15 [R210],전학년,,4,권장학년: 3학년
BIO3161-01,유전학,김성룡,3,"수,금 09:00~10:15 [K208]",전학년,,3,권장학년: 3학년
BIO3212-01,생명공학개론,"Lee, Hosuk Sean",3,월 12:00~13:15 / 금 10:30~11:45 [K208],전학년,,7,영어강의
BIO3311-01,발생학,김원선,3,"화,목 12:00~13:15 [K208]",전학년,,5,권장학년: 3-4학년
BIO3712-01,미생물생리학,이규호,3,"화,목 10:30~11:45 [K208]",전학년,,6,권장학년: 3-4학년
BIO4203-01,생명과학특허와기술이전,김현진,1,화 15:00~15:50 [K208],전학년,,1,권장학년: 3-4학년
BIO4252-01,암생물학,김정호,3,"화,목 09:00~10:15 [K208]",전학년,,7,권장학년: 4학년
BIO4321-01,인체생리학,이정하,3,월 10:30~11:45 / 수 12:00~13:15 [K309],전학년,,4,권장학년: 3-4학년
BIO4521-01,식물발달생물학,이병하,3,"화,목 10:30~11:45 [K306]",전학년,,5,영어강의
BIO4721-01,바이러스학,양재명,3,월 09:00~10:15 / 수 10:30~11:45 [K309],전학년,,16,권장학년: 3-4학년
MGT2001-01,현대기업과기업윤리,장광호,3,"화,목 12:00~13:15 [MA204]",전학년,,7,권장학년: 1-4학년
MGT2002-01,경영통계학,이군희,3,"화,목 10:30~11:45 [MA104]",전학년,,33,권장학년: 1학년
MGT2002-02,경영통계학,조성빈,3,"수,금 13:30~14:45 [MA208]",전학년,,39,영어강의
MGT2002-03,경영통계학,김명석,3,"화,목 12:00~13:15 [MA102]",전학년,,41,영어강의
MGT2002-04,경영통계학,이윤동,3,월 10:30~11:45 / 수 12:00~13:15 [MA208],전학년,,30,권장학년: 1학년
MGT2002-05,경영통계학,김범수,3,"월,금 16:30~17:45 [MA106]",전학년,,48,영어강의
MGT2003-01,회계학원론,양준선,3,월 10:30~11:45 / 수 12:00~13:15 [MA104],전학년,,30,영어강의
MGT2003-02,회계학원론,이재형,3,"화,목 09:00~10:15 [MA102]",전학년,,20,권장학년: 1-2학년
MGT2003-03,회계학원론,변상혁,3,"월,금 16:30~17:45 [MA102]",전학년,,34,영어강의
MGT2003-04,회계학원론,강평경,3,"화,목 12:00~13:15 [MA104]",전학년,,42,영어강의
MGT2003-05,회계학원론,이다솜,3,월 09:00~10:15 / 수 10:30~11:45 [MA104],전학년,,24,권장학년: 1-2학년
MGT2003-06,회계학원론,권오진,3,"수,금 13:30~14:45 [MA106]",전학년,,28,권장학년: 1-2학년
MGT3001-01,조직행동이론,양동훈,3,"수,금 13:30~14:45 [PA201]","2,3,4학년",,23,권장학년: 2-4학년
MGT3001-02,조직행동이론,이인석,3,"화,목 10:30~11:45 [MA203]",전학년,,5,권장학년: 2-4학년
MGT3001-03,조직행동이론,조봉순,3,월 10:30~11:45 / 수 12:00~13:15 [MA202],"2,3학년",,22,권장학년: 2-4학년
MGT3001-04,조직행동이론,최장호,3,"화,목 16:30~17:45 [MA202]","2,3,4학년",,27,권장학년: 2-4학년
MGT3001-05,조직행동이론,장영균,3,"화,목 13:30~14:45 [MA104]","2,3,4학년",,19,영어강의
MGT3001-06,조직행동이론,박경규,3,"화,목 15:00~16:15 [MA102]",전학년,,21,권장학년: 2-4학년
MGT3002-01,경영정보시스템,김용진,3,월 09:00~10:15 / 수 10:30~11:45 [PA201],"2,3,4학년",,3,영어강의
MGT3002-02,경영정보시스템,신선진,3,"화,목 16:30~17:45 [MA102]","2,3,4학년",,14,권장학년: 2-4학년
MGT3002-03,경영정보시스템,진승혜,3,월 12:00~13:15 / 금 10:30~11:45 [MA104],"2,3,4학년",,21,권장학년: 2-4학년
MGT3002-04,경영정보시스템,이상근,3,월 10:30~11:45 / 수 12:00~13:15 [MA206],"2,3,4학년",,11,권장학년: 2-4학년
MGT3003-01,생산관리론,하병천,3,"수,금 13:30~14:45 [MA102]","2,3,4학년",,36,영어강의
MGT3003-02,생산관리론,김민균,3,"수,금 15:00~16:15 [MA206]","2,3,4학년",,10,영어강의
MGT3003-03,생산관리론,이준겸,3,"월,금 16:30~17:45 [MA104]","2,3,4학년",,14,영어강의
MGT3003-04,생산관리론,김종훈,3,"화,목 09:00~10:15 [MA104]","2,3,4학년",,13,권장학년: 2-4학년
MGT3004-01,재무관리,이영주,3,"수,금 13:30~14:45 [MA204]",전학년,,11,영어강의
MGT3004-02,재무관리,이정진,3,월 10:30~11:45 / 수 12:00~13:15 [PA101],전학년,,19,권장학년: 2-4학년
MGT3004-03,재무관리,원재환,3,"화,목 10:30~11:45 [MA106]",전학년,,30,권장학년: 2-4학년
MGT3004-04,재무관리,홍광헌,3,"수,금 13:30~14:45 [PA203]",전학년,,8,권장학년: 2-4학년
MGT3004-05,재무관리,김도성,3,"화,목 13:30~14:45 [MA202]",전학년,,30,영어강의
MGT3004-06,재무관리,이상호,3,월 15:00~16:15 / 수 16:30~17:45 [MA404],전학년,,2,영어강의
MGT3005-01,관리회계,양준선,3,월 15:00~16:15 / 수 16:30~17:45 [MA104],전학년,,9,영어강의
MGT3005-02,관리회계,황국재,3,"화,목 12:00~13:15 [PA101]",전학년,,15,권장학년: 2-3학년
MGT3005-03,관리회계,김순기,3,"화,목 10:30~11:45 [PA203]",전학년,,15,권장학년: 2-3학년
MGT3005-04,관리회계,변상혁,3,"수,금 15:00~16:15 [MA102]",전학년,,16,영어강의
MGT3006-01,마케팅원론,박세훈,3,"화,목 13:30~14:45 [MA204]","2,3,4학년",,17,권장학년: 2-4학년
MGT3006-02,마케팅원론,전성률,3,"화,목 12:00~13:15 [MA106]","2,3,4학년",,20,권장학년: 2-4학년
MGT3006-03,마케팅원론,정재학,3,월 10:30~11:45 / 수 12:00~13:15 [MA106],"2,3,4학년",,22,권장학년: 2-4학년
MGT3006-04,마케팅원론,하영원,3,"화,목 15:00~16:15 [MA308]","2,3,4학년",,29,권장학년: 2-4학년
MGT3006-05,마케팅원론,박경도,3,월 15:00~16:15 / 수 16:30~17:45 [MA203],"2,3,4학년",,1,영어강의
MGT3007-01,국제경영론,이철,3,월 15:00~16:15 / 수 16:30~17:45 [PA203],"2,3,4학년",,2,권장학년: 2-4학년
MGT3007-02,국제경영론,김창수,3,"화,목 10:30~11:45 [MA204]","2,3,4학년",,14,영어강의
MGT3007-03,국제경영론,이강표,3,월 13:30~14:45 / 금 12:00~13:15 [MA202],"2,3,4학년",,20,영어강의
MGT3007-04,국제경영론,정선욱,3,월 15:00~16:15 / 수 16:30~17:45 [MA102],"2,3,4학년",,11,영어강의
MGT4101-01,경영전략시뮬레이션,박종훈,3,"화,목 16:30~17:45 [MA204]",전학년,,1,권장학년: 2-4학년
MGT4102-01,경영전략,박종훈,3,"화,목 12:00~13:15 [MA202]",전학년,,9,권장학년: 3-4학년
MGT4102-02,경영전략,김양민,3,월 15:00~16:15 / 수 16:30~17:45 [MA202],"2,3,4학년",,2,영어강의
MGT4102-03,경영전략,서정일,3,"화,목 13:30~14:45 [MA206]","2,3,4학년",,3,영어강의
MGT4106-01,인적자원관리,양동훈,3,"수,금 15:00~16:15 [PA201]","2,3,4학년",,10,권장학년: 2-4학년
MGT4106-02,인적자원관리,조봉순,3,월 15:00~16:15 / 수 16:30~17:45 [MA204],"2,3,4학년",,7,권장학년: 2-4학년
MGT4106-03,인적자원관리,최장호,3,"화,목 12:00~13:15 [MA208]","2,3,4학년",,2,영어강의
MGT4109-01,기업전략의최신주제및사례연구,서정일,3,"화,목 15:00~16:15 [MA402]","2,3,4학년",,5,권장학년: 3-4학년
MGT4201-01,의사결정론,민재형,3,"화,목 10:30~11:45 [PA201]",전학년,,13,권장학년: 2-4학년
PSY4041-01,판단과의사결정,나진경,3,월 15:00~16:15 / 수 16:30~17:45 [D301],전학년,,23,권장학년: 2-4학년
MGT4202-01,통계자료분석,이윤동,3,"화,목 13:30~14:45 [MA406]",전학년,,4,권장학년: 2-4학년
MGT4203-01,경영과학,조성빈,3,"수,금 15:00~16:15 [MA208]",전학년,,2,영어강의
MGT4204-01,시뮬레이션,민재형,3,"화,목 15:00~16:15 [PA201]",전학년,,5,권장학년: 2-4학년
MGT4221-01,경영과정보기술,신용재,3,월 12:00~13:15 / 금 10:30~11:45 [MA406],"2,3,4학년",,7,권장학년: 2-4학년
MGT4225-01,전사적자원관리소프트웨어활용,이상근,3,월 15:00~16:15 / 수 16:30~17:45 [MA406],"2,3,4학년",,0,권장학년: 2-4학년
MGT4226-01,빅데이터와비즈니스인텔리젼스,김진화,3,월 10:30~11:45 / 수 12:00~13:15 [MA102],"2,3,4학년",,10,영어강의
MGT4227-01,지식경영과서비스혁신,김용진,3,월 10:30~11:45 / 수 12:00~13:15 [PA201],"2,3,4학년",,0,영어강의
MGT4229-01,미래창업을위한창의성과창의경영,김진화,3,월 15:00~16:15 / 수 16:30~17:45 [MA206],"2,3,4학년",,10,권장학년: 3-4학년
MGT4241-01,기술경영,김미리,3,"화,목 09:00~10:15 [MA203]","2,3,4학년",,3,권장학년: 2-4학년
CBEG005-01,화학산업과기술경영,우태우,2,목 16:30~18:15 [AS510],전학년,,22,권장학년: 4학년
MGT4245-01,정보화시대의기업경영과혁신,이재범,3,"화,목 15:00~16:15 [MA206]","2,3,4학년",,0,권장학년: 2-4학년
MGT4247-01,공급체인관리와e-business,김민균,3,"수,금 13:30~14:45 [MA206]","3,4학년",,3,권장학년: 2-4학년
MGT4248-01,비즈니스프로세스관리,이준겸,3,월 13:30~14:45 / 금 12:00~13:15 [MA102],"3,4학년",,4,권장학년: 2-4학년
MGT4249-01,종합물류론,전준수,3,"화,목 10:30~11:45 [MA206]","2,3,4학년",,2,영어강의
MGT4301-01,투자론,홍광헌,3,"수,금 15:00~16:15 [PA203]",전학년,,12,권장학년: 2-4학년
MGT4303-01,선물옵션투자론,이정진,3,월 15:00~16:15 / 수 16:30~17:45 [PA101],전학년,,10,권장학년: 2-4학년
MGT4306-01,금융리스크관리,원재환,3,"화,목 15:00~16:15 [MA208]",전학년,,1,권장학년: 2-4학년
MGT4307-01,금융기관론,이상호,3,월 09:00~10:15 / 수 10:30~11:45 [MA402],전학년,,3,영어강의
MGT4311-01,금융실무,황건호,2,"화,목 13:30~14:20 [MA208]",4학년,,6,권장학년: 2-4학년
MGT4313-01,벤처와금융시장(캡스톤디자인),정유신,3,"수,금 15:00~16:15 [MA404]","2,3,4학년",,1,권장학년: 2-4학년
MGT4331-01,보험학원론,최정호,3,"화,목 10:30~11:45 [MA208]",전학년,,0,권장학년: 2-4학년
MGT4331-02,보험학원론,최정호,3,월 15:00~16:15 / 수 16:30~17:45 [MA208],전학년,,0,권장학년: 2-4학년
MGT4401-01,중급회계1,송민섭,3,"수,금 09:00~10:15 [PA101]",전학년,,10,권장학년: 2-4학년
MGT4401-02,중급회계1,강평경,3,"화,목 16:30~17:45 [MA104]",전학년,,18,영어강의
MGT4402-01,중급회계2,최순재,3,"화,목 10:30~11:45 [MA102]",전학년,,13,권장학년: 2-4학년
MGT4404-01,원가회계,김순기,3,"화,목 15:00~16:15 [PA203]",전학년,,13,권장학년: 2-4학년
MGT4409-01,회계학연습,김태식,3,목 18:30~21:15 [MA308],전학년,,2,권장학년: 2-4학년
MGT4502-01,소비자행동론,하영원,3,"화,목 13:30~14:45 [MA308]","2,3,4학년",,8,권장학년: 2-4학년
MGT4503-01,시장조사론,박경도,3,월 10:30~11:45 / 수 12:00~13:15 [MA203],"2,3,4학년",,0,영어강의
MGT4505-01,브랜드전략론,전성률,3,"화,목 15:00~16:15 [MA203]","2,3,4학년",,6,권장학년: 2-4학년
MGT4510-01,국제마케팅론,이철,3,월 10:30~11:45 / 수 12:00~13:15 [PA203],"2,3,4학년",,2,권장학년: 2-4학년
MGT4601-01,기업과국제환경,이양호,3,월 09:00~10:15 / 수 10:30~11:45 [MA102],"2,3,4학년",,11,권장학년: 2-4학년
MGT4601-02,기업과국제환경,최돈승,3,"수,금 09:00~10:15 [MA202]","2,3,4학년",,7,권장학년: 2-4학년
MGT4605-01,무역실무,남현정,3,"화,목 09:00~10:15 [MA106]","2,3,4학년",,7,권장학년: 2-4학년
MGT4613-01,중국시장및경영환경의이해,이강표,3,"월,금 16:30~17:45 [MA202]","2,3,4학년",,2,권장학년: 3-4학년
MGT4701-01,영어비즈니스커뮤니케이션,김이권,3,"화,목 12:00~13:15 [PA203]","3,4학년",,1,영어강의
MGT4704-01,CEO경영특강,김용진,2,화 15:00~17:00 [PA101],전학년,,8,권장학년: 1-4학년
MGT4709-01,기업과사회,조봉순,3,월 12:00~13:15 / 금 10:30~11:45 [J302],1학년,,248,권장학년: 1학년
MGTG205-01,재무제표분석(캡스톤디자인),최순재,3,"화,목 15:00~16:15 [PA503]","2,3,4학년",,2,권장학년: 2-4학년
KOR2001-01,국어학입문,이지영,3,"수,금 15:00~16:15 [J602]",전학년,,28,권장학년: 1-2학년
KOR2201-01,문학이란무엇인가,권은,3,월 09:00~10:15 / 수 10:30~11:45 [J307],전학년,,28,권장학년: 1-2학년
KOR3004-01,국어형태론,황화상,3,월 10:30~11:45 / 수 12:00~13:15 [J307],"2,3,4학년",,13,권장학년: 2-4학년
KOR3005-01,국어의미론,이정훈,3,"화,목 13:30~14:45 [J311]",전학년,,8,권장학년: 2-4학년
KOR3203-01,구술문학론,송효섭,3,"화,목 10:30~11:45 [J327]",전학년,,3,권장학년: 2-4학년
KOR3205-01,문장과수사,최성민,3,월 13:30~14:45 / 금 12:00~13:15 [J209],"2,3,4학년",,7,권장학년: 2-4학년
KOR3300-01,고전문학사,조경은,3,"수,금 09:00~10:15 [J315]","2,3,4학년",,2,권장학년: 2-4학년
KOR3302-01,고전소설텍스트읽기,김현주,3,"화,목 12:00~13:15 [J307]","2,3,4학년",,17,권장학년: 2-4학년
KOR3305-01,향가와고려시가,성호경,3,"수,금 13:30~14:45 [J313]","2,3,4학년",,5,권장학년: 2-4학년
KOR3309-01,한문학강독,김대중,3,월 15:00~16:15 / 수 16:30~17:45 [J319],전학년,,6,권장학년: 2-4학년
KOR3313-01,판소리연행론,김현주,3,"화,목 15:00~16:15 [J217]","2,3,4학년",,9,권장학년: 2-4학년
KOR3400-01,현대문학사,공성수,3,"화,목 09:00~10:15 [J209]",전학년,,18,권장학년: 2-4학년
KOR3402-01,현대소설텍스트읽기I,권은,3,월 12:00~13:15 / 금 10:30~11:45 [J209],전학년,,15,권장학년: 2-4학년
KOR3410-01,희곡론,이상란,3,"수,금 13:30~14:45 [J311]","2,3,4학년",,5,권장학년: 2-4학년
KOR4300-01,고전문학연습,김대중,3,월 10:30~11:45 / 수 12:00~13:15 [J319],"2,3,4학년",,3,권장학년: 3-4학년
KOR4500-01,국어와생활,남미정,3,"월,금 16:30~17:45 [J315]",전학년,,2,권장학년: 3-4학년
KOR4503-01,독서와논술,이정훈,3,"화,목 12:00~13:15 [J609]","2,3,4학년",,4,권장학년: 3-4학년
KORQ981-01,국어교과교육론,주세형,3,"화,목 16:30~17:45 [J609]",전학년,,1,권장학년: 3-4학년
CHM1001-01,일반화학I,성봉준,3,"화,목 10:30~11:45 [K203]",전학년,,54,권장학년: 1학년
CHM1001-02,일반화학I,서원석,3,월 12:00~13:15 / 금 10:30~11:45 [K402],전학년,,53,공학인증
CHM1001-03,일반화학I,이현수,3,월 13:30~14:45 / 금 12:00~13:15 [K403],전학년,,52,공학인증
CHM1001-04,일반화학I,강영수,3,"수,금 13:30~14:45 [K504]",전학년,,40,공학인증
CHM1001-05,일반화학I,허남회,3,"화,목 13:30~14:45 [K304]",전학년,,57,공학인증
CHM1001-06,일반화학I,지대윤,3,"화,목 12:00~13:15 [K304]",전학년,,48,공학인증
CHM1001-07,일반화학I,이병노,3,월 10:30~11:45 / 수 12:00~13:15 [K403],전학년,,53,공학인증
CHM1001-08,일반화학I,남소희,3,"수,금 13:30~14:45 [K407]",전학년,,30,공학인증
CHM1051-01,일반화학실험I,성봉준,1,월 13:30~16:15 [R114],전학년,,13,권장학년: 1학년
CHM1051-02,일반화학실험I,이병노,1,월 13:30~16:15 [R112],전학년,,12,권장학년: 1학년
CHM1051-03,일반화학실험I,이현수,1,월 16:30~19:15 [R114],전학년,,8,권장학년: 1학년
CHM1051-04,일반화학실험I,허남회,1,월 16:30~19:15 [R112],전학년,,12,권장학년: 1학년
CHM1051-05,일반화학실험I,서원석,1,화 13:30~16:15 [R114],전학년,,12,권장학년: 1학년
CHM1051-06,일반화학실험I,지대윤,1,화 13:30~16:15 [R112],전학년,,7,권장학년: 1학년
CHM1051-07,일반화학실험I,지대윤,1,화 16:30~19:15 [R114],전학년,,15,권장학년: 1학년
CHM1051-08,일반화학실험I,이원구,1,화 16:30~19:15 [R112],전학년,,11,권장학년: 1학년
CHM1051-09,일반화학실험I,이원구,1,수 13:30~16:15 [R114],전학년,,12,권장학년: 1학년
CHM1051-10,일반화학실험I,이현수,1,수 13:30~16:15 [R112],전학년,,11,권장학년: 1학년
CHM1051-11,일반화학실험I,신관우,1,수 16:30~19:15 [R114],전학년,,12,권장학년: 1학년
CHM1051-12,일반화학실험I,허남회,1,수 16:30~19:15 [R112],전학년,,6,권장학년: 1학년
CHM1051-13,일반화학실험I,서원석,1,목 13:30~16:15 [R114],전학년,,11,권장학년: 1학년
CHM1051-14,일반화학실험I,강영수,1,목 13:30~16:15 [R112],전학년,,13,권장학년: 1학년
CHM1051-15,일반화학실험I,신운섭,1,목 16:30~19:15 [R114],전학년,,12,권장학년: 1학년
CHM1051-16,일반화학실험I,이현수,1,목 16:30~19:15 [R112],전학년,,11,권장학년: 1학년
CHM1051-17,일반화학실험I,이덕형,1,금 13:30~16:15 [R114],전학년,,10,권장학년: 1학년
CHM1051-18,일반화학실험I,이원구,1,금 13:30~16:15 [R112],전학년,,6,권장학년: 1학년
CHM1051-19,일반화학실험I,이병노,1,금 16:30~19:15 [R114],전학년,,16,권장학년: 1학년
CHM1051-20,일반화학실험I,남소희,1,금 16:30~19:15 [R112],전학년,,10,권장학년: 1학년
CHM2101-01,분석화학,신운섭,3,"수,금 09:00~10:15 [R404]",전학년,,48,권장학년: 2학년
CHM2151-01,분석화학실험,신운섭,2,월 15:00~18:50 [R115],전학년,,15,권장학년: 2학년
CHM2151-02,분석화학실험,신운섭,2,화 15:00~18:50 [R115],전학년,,17,권장학년: 2학년
CHM2151-03,분석화학실험,신관우,2,목 15:00~18:50 [R115],전학년,,10,권장학년: 2학년
CHM2151-04,분석화학실험,신관우,2,금 15:00~18:50 [R115],전학년,,8,권장학년: 2학년
CHM2202-01,물리화학II,성봉준,3,"화,목 13:30~14:45 [K405]",전학년,,27,영어강의
CHM2231-01,물리화학특론,이덕환,3,월 09:00~10:15 / 수 10:30~11:45 [K208],전학년,,4,권장학년: 4학년
CHM2251-01,물리화학실험I,이덕환,2,월 15:00~18:50 [R119],전학년,,5,권장학년: 3학년
CHM2251-02,물리화학실험I,강영수,2,화 15:00~18:50 [R119],전학년,,5,권장학년: 3학년
CHM2251-03,물리화학실험I,이덕환,2,목 15:00~18:50 [R119],전학년,,6,권장학년: 3학년
CHM2251-04,물리화학실험I,성봉준,2,금 15:00~18:50 [R119],전학년,,5,권장학년: 3학년
CHM2301-01,유기화학I,이덕형,3,"화,목 09:00~10:15 [K304]",전학년,,31,권장학년: 2학년
CHM2301-02,유기화학I,지대윤,3,"화,목 09:00~10:15 [K305]",전학년,,30,권장학년: 2학년
CHMG301-01,고급유기화학I,이덕형,3,"화,목 10:30~11:45 [K105]",전학년,,1,권장학년: 3-4학년
CHM2331-01,유기화학특론I,이원구,3,"화,목 10:30~11:45 [K212]",전학년,,9,권장학년: 4학년
CHM2352-01,유기화학실험II,이덕형,2,목 15:00~18:50 [R113],전학년,,1,권장학년: 3-4학년
CHM2401-01,무기화학I,서원석,3,월 13:30~14:45 / 금 12:00~13:15 [K402],전학년,,24,영어강의
CHM2501-01,고분자화학,신관우,3,"화,목 09:00~10:15 [K306]",전학년,,1,영어강의
CHM2602-01,생화학II,조규봉,3,"수,금 13:30~14:45 [K208]",전학년,,8,영어강의
CHM2651-01,생화학실험,조규봉,2,월 15:00~18:50 [R113],전학년,,3,권장학년: 2-4학년
CHM2651-02,생화학실험,조규봉,2,수 15:00~18:50 [R113],전학년,,4,권장학년: 2-4학년
CHM2651-03,생화학실험,조규봉,2,금 15:00~18:50 [R117],전학년,,2,권장학년: 2-4학년
CHM4051-01,연구프로젝트I,신관우,3,,전학년,,0,
CHM4055-01,첨단화학캡스톤디자인,남두현,3,수 15:00~17:45 [K208],"3,4학년",,4,권장학년: 3-4학년
CHM4203-01,화학특허와기술이전,김현진,1,화 15:00~15:50 [K208],전학년,,6,권장학년: 4학년
CHMG401-01,고급무기화학,윤경병,3,월 10:30~11:45 / 수 12:00~13:15 [K105],전학년,,0,영어강의
COM2001-01,커뮤니케이션학입문,유현재,3,"화,목 12:00~13:15 [K502]",1학년,,84,권장학년: 1-2학년
COM2001-02,커뮤니케이션학입문,조맹기,3,월 12:00~13:15 / 금 10:30~11:45 [GA403],전학년,,14,권장학년: 1-2학년
COM2002-01,인간커뮤니케이션,나은영,3,월 10:30~11:45 / 수 12:00~13:15 [GA403],전학년,,33,권장학년: 1-2학년
COM2004-01,커뮤니케이션조사론,김수연,3,"화,목 12:00~13:15 [K504]","2,3,4학년",,16,영어강의
COM2006-01,컨텐츠기획론,현대원,3,월 15:00~16:15 / 수 16:30~17:45 [GA401],"2,3,4학년",,19,권장학년: 1-4학년
COM3101-01,저널리즘개론,김균,3,"화,목 12:00~13:15 [GA403]","2,3,4학년",,23,권장학년: 2학년
COM3102-01,방송원론,원용진,3,"화,목 13:30~14:45 [J102]","2,3,4학년",,19,권장학년: 2학년
COM3103-01,창의적말하기와글쓰기,정훈,3,금 10:30~13:15 [GA303B],"2,3,4학년",,1,권장학년: 4학년
COM3111-01,대중문화론,황인성,3,"화,목 12:00~13:15 [GA303B]","2,3,4학년",,14,권장학년: 3-4학년
AMC3096-01,대중문화연구,"Ku, Jisong",3,"수,금 09:00~10:15 [J317]","2,3,4학년",,5,영어강의
COM3117-01,미디어문화사,김균,3,월 15:00~16:15 / 수 16:30~17:45 [GA403],전학년,,12,권장학년: 3-4학년
COM3119-01,미디어기호학,황인성,3,"화,목 15:00~16:15 [GA303B]","2,3,4학년",,10,권장학년: 3-4학년
COM3120-01,융합적문제해결과커뮤니케이션,김학수,3,"화,목 10:30~11:45 [GA402]","2,3,4학년",,12,권장학년: 
COM3124-01,미디어편집의이해와실제,이윤삼,3,금 10:30~13:15 [GA402],"3,4학년",,4,권장학년: 3-4학년
COM3201-01,광고커뮤니케이션,유지영,3,월 13:30~14:45 / 금 12:00~13:15 [GA401],"2,3,4학년",,18,권장학년: 2학년
COM3205-01,PR전략과이론,김수연,3,"화,목 15:00~16:15 [GA401]","2,3,4학년",,11,영어강의
COM3212-01,IMC캠페인실습,윤각,3,"화,목 16:30~17:45 [GA402]","2,3,4학년",,5,권장학년: 3-4학년
COM3220-01,헬스커뮤니케이션,유현재,3,"화,목 10:30~11:45 [GA303B]","2,3,4학년",,9,영어강의
COM3301-01,연극입문,김용수,3,"화,목 10:30~11:45 [GA403]",전학년,,12,권장학년: 2학년
COM3302-01,영화입문,곽영빈,3,수 13:30~16:15 [GA401],전학년,,21,영어강의
COM3315-01,대본창작의기초,이희준,3,월 13:30~14:45 / 금 12:00~13:15 [GA305],"2,3,4학년",,15,영어강의
COM3323-01,뮤지컬창작기초(캡스톤디자인),이희준,3,월 12:00~13:15 / 금 10:30~11:45 [GA401],"2,3,4학년",,16,영어강의
COM3329-01,판타지콘텐츠창작,조재홍,3,목 13:30~16:15 [GA402],"2,3,4학년",,7,권장학년: 1-4학년
COM3401-01,디지털미디어개론,이수영,3,월 10:30~11:45 / 수 12:00~13:15 [GA401],"2,3,4학년",,10,권장학년: 2학년
COM3402-01,디지털미디어테크놀로지개론,김정현,3,월 13:30~14:45 / 금 12:00~13:15 [GA403],전학년,,11,영어강의
COM3409-01,미디어심리학(캡스톤디자인),나은영,3,월 15:00~16:15 / 수 16:30~17:45 [GA305],"2,3,4학년",,10,권장학년: 3-4학년
COM3412-01,정보엔터테인먼트산업론,현대원,3,"월,금 16:30~17:45 [GA403]","2,3,4학년",,9,권장학년: 4학년
COM3428-01,모바일커뮤니케이션,박상희,3,"수,금 15:00~16:15 [GA403]","2,3,4학년",,18,권장학년: 2-4학년
COM3434-01,"디지털미디어기업,경영컨설팅",이석근,3,"화,목 13:30~14:45 [GA401]","3,4학년",,4,권장학년: 2-4학년
COM3437-01,스마트앱스비즈니스모델연구(캡스톤디자인),최형우,3,월 15:00~16:15 / 수 16:30~17:45 [GA303B],"2,3,4학년",,2,권장학년: 3-4학년
COM3438-01,게임커뮤니케이션,황재연,3,월 12:00~13:15 / 금 10:30~11:45 [GA404],"2,3,4학년",,3,권장학년: 2-4학년
COM3440-01,가상현실콘텐츠기획제작2,현대원,3,"수,금 09:00~10:15 [MA406]","3,4학년",,3,권장학년: 3-4학년
EDUF982-01,외국어교과논리및논술,이요안,3,월 15:00~16:15 / 수 16:30~17:45 [J315],전학년,,3,영어강의
EDUS981-01,과학교과교육론,곽성일,3,수 16:30~19:15 [J112],전학년,,6,권장학년: 1-4학년
EEE2051-01,기초전자공학실험,성원진,2,월 15:00~18:50 [R708],전학년,,7,권장학년: 2학년
EEE2051-02,기초전자공학실험,김홍석,2,화 15:00~18:50 [R708],전학년,,12,권장학년: 2학년
EEE2051-03,기초전자공학실험,김홍석,2,수 15:00~18:50 [R708],전학년,,12,권장학년: 2학년
EEE2051-04,기초전자공학실험,김영록,2,목 15:00~18:50 [R708],전학년,,7,권장학년: 2학년
EEE2051-05,기초전자공학실험,이행선,2,금 15:00~18:50 [R708],전학년,,11,권장학년: 2학년
EEE2101-01,전자장론I,이행선,3,"수,금 09:00~10:15 [AS510]",전학년,,30,영어강의
EEE2101-02,전자장론I,윤상원,3,"화,목 12:00~13:15 [K307]",전학년,,26,권장학년: 2학년
EEE2103-01,고급공학수학I,성원진,3,월 12:00~13:15 / 금 10:30~11:45 [AS414],전학년,,24,권장학년: 2학년
EEE2103-02,고급공학수학I,성원진,3,월 13:30~14:45 / 금 12:00~13:15 [AS414],전학년,,31,권장학년: 2학년
EEE2112-01,회로이론,최우영,3,월 10:30~11:45 / 수 12:00~13:15 [AS303],전학년,,27,영어강의
EEE2112-02,회로이론,박형민,3,"화,목 13:30~14:45 [AS303]",전학년,,24,권장학년: 2학년
EEE2135-01,디지털회로설계,황선영,3,"화,목 10:30~11:45 [K405]",전학년,,29,권장학년: 2학년
EEE2135-02,디지털회로설계,김영록,3,월 12:00~13:15 / 금 10:30~11:45 [AS510],전학년,,29,영어강의
EEE3121-01,물리전자공학II,지용,3,월 13:30~14:45 / 금 12:00~13:15 [AS305],전학년,,5,권장학년: 3학년
EEE3121-02,물리전자공학II,윤광석,3,"수,금 13:30~14:45 [AS303]",전학년,,8,영어강의
EEE3131-01,전자회로I,범진욱,3,월 10:30~11:45 / 수 12:00~13:15 [AS301],전학년,,10,영어강의
EEE3131-02,전자회로I,이승훈,3,"화,목 13:30~14:45 [R404]",전학년,,10,권장학년: 3학년
EEE3141-01,자동제어개론,김경환,3,월 09:00~10:15 / 수 10:30~11:45 [K301],전학년,,9,권장학년: 3학년
EEE3141-02,자동제어개론,강석주,3,"화,목 09:00~10:15 [AS301]",전학년,,8,영어강의
EEE3148-01,통신공학개론,홍대형,3,"화,목 13:30~14:45 [AS510]",전학년,,8,권장학년: 3학년
EEE3148-02,통신공학개론,홍대형,3,"화,목 12:00~13:15 [AS510]",전학년,,9,권장학년: 3학년
CSE2009-01,컴퓨터공학및정보통신개론,오경환,3,"수,금 13:30~14:45 [AS414]",전학년,,13,공학인증
EEE3154-01,랜덤프로세스,박래홍,3,"화,목 10:30~11:45 [AS414]",전학년,,8,권장학년: 3학년
EEE3181-01,전자회로실험,홍대형,2,월 15:00~18:50 [R712],전학년,,2,권장학년: 3학년
EEE3181-02,전자회로실험,박형민,2,화 15:00~18:50 [R712],전학년,,1,권장학년: 3학년
EEE3181-03,전자회로실험,윤광석,2,수 15:00~18:50 [R712],전학년,,8,권장학년: 3학년
EEE3181-04,전자회로실험,범진욱,2,목 15:00~18:50 [R712],전학년,,6,권장학년: 3학년
EEE3181-05,전자회로실험,윤광석,2,금 15:00~18:50 [R712],전학년,,2,권장학년: 3학년
EEE4147-01,반도체공학II,김광수,3,"수,금 09:00~10:15 [AS311]",전학년,,4,권장학년: 4학년
EEE4160-01,컴퓨터통신,김홍석,3,월 13:30~14:45 / 금 12:00~13:15 [AS301],전학년,,7,영어강의
EEE4162-01,반도체집적회로해석및설계,안길초,3,"화,목 12:00~13:15 [AS305]",전학년,,7,영어강의
EEE4165-01,디지털영상처리개론,박래홍,3,"화,목 09:00~10:15 [AS305]",전학년,,1,권장학년: 4학년
EEE4167-01,마이크로프로세서개론,김경환,3,월 10:30~11:45 / 수 12:00~13:15 [K305],전학년,,5,권장학년: 4학년
EEE4171-01,데이터통신시스템,소재우,3,"화,목 10:30~11:45 [AS305]",전학년,,5,영어강의
EEE4173-01,초고주파공학,이행선,3,"수,금 13:30~14:45 [AS311]",전학년,,0,권장학년: 3-4학년
EEE4175-01,디지털신호처리개론,송태경,3,월 09:00~10:15 / 수 10:30~11:45 [R404],전학년,,8,권장학년: 4학년
EEE4183-01,마이크로프로세서응용실험,김경환,2,월 15:00~18:50 [R714],전학년,,2,권장학년: 4학년
EEE4183-02,마이크로프로세서응용실험,김경환,2,화 15:00~18:50 [R714],전학년,,2,권장학년: 4학년
EEEG273-01,나노반도체소자공정실무와특허사례(캡스톤디자인),윤규한,3,금 15:00~17:45 [K204],전학년,,3,권장학년: 4학년
EEEG275-01,IT기술의혁신과기업가정신(캡스톤디자인),정옥현,3,목 15:00~17:45 [J102],전학년,,6,권장학년: 3-4학년
POL2002-02,정치학개론,김영수,3,"화,목 10:30~11:45 [D301]",전학년,,30,권장학년: 1학년
POL2002-03,정치학개론,조영호,3,"월,금 16:30~17:45 [D202]",전학년,,20,권장학년: 1학년
POL2004-01,연구방법론,하상응,3,"화,목 12:00~13:15 [D502]",전학년,,8,영어강의
POL2005-01,"정치,행정과법",이성엽,3,"화,목 15:00~16:15 [DB102]",전학년,,26,권장학년: 1-4학년
POL3062-01,한국의정치과정,오세제,3,"수,금 15:00~16:15 [D412]",전학년,,3,권장학년: 1-4학년
POL3068-01,한국의선거,이현우,3,"수,금 13:30~14:45 [D402]",전학년,,19,권장학년: 1-4학년
POL3080-01,현대북한의정치,정영철,3,"화,목 13:30~14:45 [D502]",전학년,,14,권장학년: 1-4학년
POL3081-01,남북한관계의이해,김영수,3,"화,목 12:00~13:15 [D301]",전학년,,18,권장학년: 1-4학년
POL3098-01,의회정치론,이현우,3,"수,금 09:00~10:15 [D502]",전학년,,10,권장학년: 2-4학년
POL3100-01,정치사상의이해,이관후,3,월 10:30~11:45 / 수 12:00~13:15 [D202],전학년,,22,권장학년: 1-4학년
POL3108-01,근대정치사상,김종철,3,"수,금 13:30~14:45 [D504]",전학년,,4,영어강의
POL3110-01,정치사상특강,유불란,3,월 13:30~14:45 / 금 12:00~13:15 [D412],전학년,,6,권장학년: 1-4학년
POL3117-01,민족주의론,전재호,3,"화,목 09:00~10:15 [D412]",전학년,,2,권장학년: 1-4학년
POL3130-01,국제정치론,이근욱,3,"화,목 09:00~10:15 [J118]",전학년,,24,권장학년: 1-4학년
POL3153-01,한국외교사,김종학,3,"월,금 16:30~17:45 [D412]",전학년,,10,권장학년: 1-4학년
POL3161-01,비교정치론,조영호,3,월 10:30~11:45 / 수 12:00~13:15 [D502],전학년,,6,영어강의
POL3182-01,정치경제론,류석진,3,월 09:00~10:15 / 수 10:30~11:45 [D202],전학년,,23,권장학년: 1-4학년
POL3184-01,정치심리학,하상응,3,"화,목 15:00~16:15 [DB101]",전학년,,29,영어강의
POL4147-01,국제관계특강,정동준,3,월 12:00~13:15 / 금 10:30~11:45 [D502],전학년,,11,권장학년: 1-4학년
CBE2003-01,화공생명공학양론,김현철,3,월 10:30~11:45 / 수 12:00~13:15 [K401],전학년,,43,영어강의
CBE2004-01,물리화학,문준혁,3,"수,금 13:30~14:45 [AS510]",전학년,,21,영어강의
CBE2004-02,물리화학,김충익,3,"수,금 13:30~14:45 [K201]",전학년,,34,영어강의
CBE2005-01,응용유기화학,강태욱,3,"화,목 13:30~14:45 [AS414]",전학년,,24,영어강의
CBE2005-02,응용유기화학,강태욱,3,"화,목 12:00~13:15 [AS414]",전학년,,30,영어강의
CBE2008-01,화공생명공학기초실험I,이희우,3,월 16:30~22:15 [R407],전학년,,8,권장학년: 2학년
CBE2008-02,화공생명공학기초실험I,오병근,3,화 16:30~22:15 [R407],전학년,,11,권장학년: 2학년
CBE2008-03,화공생명공학기초실험I,박흥목,3,수 16:30~22:15 [R407],전학년,,10,권장학년: 2학년
CBE2008-04,화공생명공학기초실험I,이광순,3,금 16:30~22:15 [R407],전학년,,7,권장학년: 2학년
CBE2008-05,화공생명공학기초실험I,강태욱,3,토 16:30~22:15 [R407],전학년,,5,권장학년: 2학년
CBE2011-01,화공수학I,최진훈,3,"화,목 12:00~13:15 [K405]",전학년,,27,영어강의
CBE2011-02,화공수학I,최진훈,3,"화,목 15:00~16:15 [K405]",전학년,,31,영어강의
CBE3003-01,반응공학,하경수,3,"화,목 15:00~16:15 [K309]",전학년,,10,영어강의
CBE3003-02,반응공학,하경수,3,월 13:30~14:45 / 금 12:00~13:15 [AS412],전학년,,15,영어강의
CBE3004-01,화공유체역학,박흥목,3,월 10:30~11:45 / 수 12:00~13:15 [AS412],전학년,,10,권장학년: 3학년
CBE3004-02,화공유체역학,김정욱,3,월 15:00~16:15 / 수 16:30~17:45 [AS510],전학년,,14,영어강의
CBE3007-01,고분자공학,이희우,3,"화,목 10:30~11:45 [R404]",전학년,,17,권장학년: 3학년
CBE3010-01,양자화학,박흥목,3,월 09:00~10:15 / 수 10:30~11:45 [AS412],전학년,,8,권장학년: 3학년
CBE3013-01,응용분자생물학,오병근,3,"화,목 13:30~14:45 [K203]",전학년,,13,권장학년: 3학년
CBE3015-01,화공생명공학요소실험I,최진훈,3,월 16:30~22:15 [R405],전학년,,3,권장학년: 3학년
CBE3015-02,화공생명공학요소실험I,이재욱,3,화 16:30~22:15 [R405],전학년,,4,권장학년: 3학년
CBE3015-03,화공생명공학요소실험I,임종성,3,수 16:30~22:15 [R405],전학년,,2,권장학년: 3학년
CBE3015-04,화공생명공학요소실험I,문준혁,3,금 16:30~22:15 [R405],전학년,,2,권장학년: 3학년
CBE3015-05,화공생명공학요소실험I,하경수,3,토 16:30~22:15 [R405],전학년,,1,권장학년: 3학년
CBE4001-01,화공생명공학심화종합설계,우태우,3,월 16:30~19:15 [K208],전학년,,5,권장학년: 4학년
CBE4003-01,이동현상,이재욱,3,"화,목 10:30~11:45 [AS311]",전학년,,8,권장학년: 4학년
CBE4004-01,분리정제공정,이광순,3,"화,목 09:00~10:15 [R404]",전학년,,12,영어강의
CBE4013-01,생물화학공학,이택,3,월 15:00~16:15 / 수 16:30~17:45 [AS412],전학년,,7,권장학년: 4학년
CBE4017-01,화공생명공학공정실험,김현철,3,월 16:30~22:15 [R403],전학년,,5,권장학년: 4학년
CBE4017-02,화공생명공학공정실험,김충익,3,수 16:30~22:15 [R403],전학년,,2,권장학년: 4학년
CBE4017-03,화공생명공학공정실험,김정욱,3,금 16:30~22:15 [R403],전학년,,9,권장학년: 4학년
REL2001-01,종교의이해,김재영,3,"화,목 10:30~11:45 [J315]",전학년,,7,영어강의
REL3022-01,한국종교의이해,김성례,3,"화,목 09:00~10:15 [J317]",전학년,,3,영어강의
REL3006-01,고대근동의종교,주원준,3,"화,목 09:00~10:15 [J315]",전학년,,3,권장학년: 1-4학년
REL3008-01,유교의중심사상,정소이,3,"화,목 13:30~14:45 [J202]",전학년,,1,영어강의
REL3010-01,현대사회와이슬람교,박현도,3,월 09:00~10:15 / 수 10:30~11:45 [J207],전학년,,6,권장학년: 1-4학년
REL3019-01,힌두교강독,나혜숙,3,"화,목 12:00~13:15 [J202]",전학년,,5,권장학년: 1-4학년
REL3023-01,신화의이해,김동규,3,월 12:00~13:15 / 금 10:30~11:45 [J315],전학년,,5,권장학년: 1-4학년
REL3044-01,그리스도교영성,박병관,3,"화,목 13:30~14:45 [J315]",전학년,,3,영어강의
HFU4012-01,그리스도교신앙과영성,송봉모,3,"화,목 10:30~11:45 [K504]",전학년,,11,권장학년: 1-4학년
SOC2001-01,사회학개론,김우선,3,"화,목 15:00~16:15 [D402]",전학년,,39,권장학년: 1-4학년
SOC2001-02,사회학개론,전승봉,3,월 13:30~14:45 / 금 12:00~13:15 [DB101],전학년,,25,권장학년: 1-4학년
SOC2003-01,사회조사방법론(종합설계),오세일,3,"화,목 16:30~17:45 [D412]",전학년,,5,영어강의
SOC2006-01,사회학사,이재혁,3,"화,목 13:30~14:45 [D402]",전학년,,25,권장학년: 2-4학년
SOC3004-01,조직행동과변화관리,최선규,3,월 12:00~13:15 / 금 10:30~11:45 [D303A],전학년,,3,권장학년: 1-4학년
SOC3018-01,일상생활의사회학,김무경,3,"화,목 15:00~16:15 [D406]",전학년,,5,권장학년: 1-4학년
SOC3019-01,교육사회학,전상진,3,"화,목 12:00~13:15 [D202]",전학년,,20,권장학년: 2-4학년
SOC3020-01,세계화와후기산업사회,김우선,3,"수,금 15:00~16:15 [D406]",전학년,,5,권장학년: 1-4학년
SOC3022-01,경제사회학,정호대,3,"수,금 13:30~14:45 [D502]",전학년,,5,권장학년: 1-4학년
SOC3034-01,국제이주와초국가주의,김우선,3,"화,목 10:30~11:45 [D504]",전학년,,7,영어강의
SOC3041-01,세계사회의형성과발전,조혜인,3,월 15:00~16:15 / 수 16:30~17:45 [D406],전학년,,2,권장학년: 1-4학년
SOC3048-01,역사사회학,조혜인,3,월 10:30~11:45 / 수 12:00~13:15 [D406],전학년,,3,권장학년: 1-4학년
SOCG007-01,사회통계학연습,오세일,3,월 10:30~13:15 [AS107],전학년,,1,권장학년: 3-4학년
CSE2003-01,기초공학설계,장형수,3,월 10:30~11:45 / 수 12:00~13:15 [R912],전학년,,32,공학인증
CSE2003-02,기초공학설계,최명환,3,"화,목 12:00~13:15 [R912]",전학년,,34,공학인증
CSE2003-03,기초공학설계,김지환,3,"화,목 16:30~17:45 [R912]",전학년,,35,영어강의
CSE3013-01,컴퓨터공학설계및실험I,장형수,3,월 15:00~20:50 [R914],전학년,,11,공학인증
CSE3013-02,컴퓨터공학설계및실험I,오경환,3,화 15:00~20:50 [R914],전학년,,10,공학인증
CSE3013-03,컴퓨터공학설계및실험I,임종석,3,수 15:00~20:50 [R914],전학년,,16,공학인증
CSE3013-04,컴퓨터공학설계및실험I,낭종호,3,목 15:00~20:50 [R914],전학년,,10,공학인증
CSE3013-05,컴퓨터공학설계및실험I,최명환,3,금 15:00~20:50 [R914],전학년,,14,공학인증
CSE3016-01,컴퓨터공학실험II,임인성,3,화 15:00~20:50 [AS714],전학년,,5,공학인증
CSE3030-01,어셈블리프로그래밍,이혁준,3,"화,목 10:30~11:45 [RA204]",전학년,,37,공학인증
CSE3030-02,어셈블리프로그래밍,임종석,3,"화,목 09:00~10:15 [AS510]",전학년,,22,공학인증
CSE3080-01,자료구조,정성원,3,"화,목 15:00~16:15 [AS303]",전학년,,27,공학인증
CSE3080-02,자료구조,양지훈,3,"화,목 12:00~13:15 [AS301]",전학년,,43,공학인증
CSE4010-01,컴퓨터구조와논리I,김주호,3,월 09:00~10:15 / 수 10:30~11:45 [AS510],전학년,,20,영어강의
CSE4050-01,프로그래밍언어,낭종호,3,"화,목 10:30~11:45 [AS303]",전학년,,16,공학인증
CSE4050-02,프로그래밍언어,낭종호,3,"화,목 13:30~14:45 [AS412]",전학년,,6,공학인증
CSE4100-01,시스템프로그래밍,박운상,3,"화,목 13:30~14:45 [K307]",전학년,,14,공학인증
CSE4100-02,시스템프로그래밍,김지환,3,"화,목 15:00~16:15 [AS412]",전학년,,11,공학인증
CSE4110-01,데이터베이스시스템,박석,3,월 10:30~11:45 / 수 12:00~13:15 [AS414],전학년,,12,공학인증
CSE4116-01,임베디드시스템소프트웨어,박성용,3,"화,목 13:30~14:45 [AS311]",전학년,,3,공학인증
CSE4120-01,기초컴파일러구성,정성원,3,"화,목 12:00~13:15 [AS303]",전학년,,7,공학인증
CSE4170-01,기초컴퓨터그래픽스,임인성,3,월 13:30~14:45 / 금 12:00~13:15 [AS510],전학년,,14,공학인증
CSE4175-01,기초컴퓨터네트워크,최명환,3,"화,목 15:00~16:15 [K301]",전학년,,8,영어강의
CSE4181-01,SW경제성분석및창업,윤용운,3,"수,금 09:00~10:15 [AS301]",전학년,,8,공학인증
CSE4186-01,캡스톤디자인I,구명완,3,"수,금 13:30~14:45 [K212]","3,4학년",,3,공학인증
CSE4186-02,캡스톤디자인I,김규호,3,"수,금 13:30~14:45 [K306]",4학년,,1,공학인증
CSE4187-01,캡스톤디자인II,윤용운,3,"수,금 15:00~16:15 [AS311]",전학년,,5,공학인증
CSE4188-01,암호학기초,김세준,3,월 15:00~16:15 / 수 16:30~17:45 [AS301],전학년,,6,영어강의
CSEG312-01,데이터마이닝,양지훈,3,"화,목 09:00~10:15 [AS912]",전학년,,10,공학인증
CSEQ981-01,컴퓨터교과교육론,최보금,3,목 18:00~20:45 [J120],전학년,,3,공학인증
LAW2010-01,법과현대사회,이상복,3,"화,목 10:30~11:45 [X349]",전학년,,12,권장학년: 1-4학년
LAW3011-01,헌법I,홍성방,3,월 10:30~11:45 / 수 12:00~13:15 [D301],전학년,,20,권장학년: 1-3학년
LAW3155-01,영미법,"Riley, John Patrick",3,"수,금 13:30~14:45 [D202]",전학년,,24,영어강의
MEE2006-01,공학수학I,이정철,3,"화,목 15:00~16:15 [K303]","2,3,4학년",,38,영어강의
MEE2011-01,고체역학,정현용,3,월 13:30~14:45 / 금 12:00~13:15 [AS303],"2,3,4학년",,18,권장학년: 2학년
MEE2011-02,고체역학,이형일,3,"화,목 13:30~14:45 [AS301]","2,3,4학년",,23,권장학년: 2학년
MEE2025-01,모형설계제작,김낙수,3,월 16:30~22:15 [RA110A],"2,3,4학년",,11,권장학년: 2학년
MEE2025-02,모형설계제작,이형일,3,화 16:30~22:15 [RA110A],"2,3,4학년",,10,권장학년: 2학년
MEE2025-03,모형설계제작,최범규,3,목 16:30~22:15 [RA110A],"2,3,4학년",,6,권장학년: 2학년
MEE2025-04,모형설계제작,김동철,3,수 16:30~22:15 [RA110A],"2,3,4학년",,4,권장학년: 2학년
MEE2026-01,2DCAD,이철수,3,화 15:00~19:15 [AS612],"2,3,4학년",,2,권장학년: 2학년
MEE3001-01,재료거동학,이형일,3,"화,목 12:00~13:15 [AS412]","3,4학년",,5,권장학년: 3학년
MEE3003-01,진동학,이승엽,3,월 10:30~11:45 / 수 12:00~13:15 [R404],"3,4학년",,19,권장학년: 3학년
MEE3004-01,생산공정,최범규,3,"화,목 09:00~10:15 [AS412]","3,4학년",,5,권장학년: 3학년
MEE3004-02,생산공정,김낙수,3,"수,금 13:30~14:45 [AS412]","3,4학년",,14,권장학년: 3학년
MEE3006-01,기계공학해석,박정열,3,"화,목 10:30~11:45 [AS510]","3,4학년",,19,영어강의
MEE3022-01,유체역학II,허남건,3,월 09:00~10:15 / 수 10:30~11:45 [AS311],"3,4학년",,3,권장학년: 3학년
MEE3026-01,기계공학실험II,박정열,3,토 13:00~18:45 [AS501],"3,4학년",,4,권장학년: 3학년
MEE3026-02,기계공학실험II,김대중,3,토 13:00~18:45 [AS405],"3,4학년",,0,권장학년: 3학년
MEE3032-01,열전달,손기헌,3,월 15:00~16:15 / 수 16:30~17:45 [AS414],"3,4학년",,12,권장학년: 3학년
MEE4002-01,냉동및공기조화,정시영,3,"화,목 15:00~16:15 [AS305]","3,4학년",,6,권장학년: 3-4학년
MEE4004-01,3D-CAD,이철수,3,수 16:30~19:15 [AS612],"3,4학년",,1,권장학년: 3-4학년
MEE4014-01,MEMS설계제작,최범규,3,"화,목 13:30~14:45 [AS305]","3,4학년",,8,권장학년: 3-4학년
MEE4022-01,신재생에너지공학개론,강성원,3,월 10:30~11:45 / 수 12:00~13:15 [AS311],"3,4학년",,3,권장학년: 4학년
MEE4024-01,계측및신호처리,이정철,3,금 10:30~13:15 [AS612],"3,4학년",,7,영어강의
MEE4032-01,마이크로열유체공학,김원정,3,"수,금 13:30~14:45 [K309]","3,4학년",,3,영어강의
MEE4033-01,메카트로닉스,공경철,3,"수,금 15:00~16:15 [RA308]","3,4학년",,16,영어강의
AMC2014-01,번역연습,김혜진,3,"월,금 16:30~17:45 [J325]","2,3,4학년",,4,영어강의
AMC2020-01,문화와글쓰기,정소영,3,월 12:00~13:15 / 금 10:30~11:45 [J204],전학년,,13,영어강의
AMC2031-01,문화연구입문,부경숙,3,"화,목 16:30~17:45 [J325]",1학년,,25,영어강의
AMC2031-02,문화연구입문,정소영,3,월 13:30~14:45 / 금 12:00~13:15 [J204],전학년,,14,영어강의
AMC2033-01,미국역사와문화,김영훈,3,"화,목 13:30~14:45 [J313]",전학년,,11,영어강의
AMC2037-01,미국의아이콘들,Hantke Steffen Horst,3,월 09:00~10:15 / 수 10:30~11:45 [J309],전학년,,13,영어강의
AMC3037-01,미국영웅,부경숙,3,"화,목 15:00~16:15 [J325]","2,3,4학년",,9,영어강의
AMC3090-01,성의문화,정소영,3,"월,금 16:30~17:45 [J215]","2,3,4학년",,4,영어강의
AMC3097-01,미국텔레비젼,김영훈,3,"화,목 10:30~11:45 [J307]","2,3,4학년",,5,영어강의
AMC3098-01,미국문화특강I,김영훈,3,"화,목 12:00~13:15 [J313]","2,3,4학년",,1,영어강의
AMC4105-01,포스트모더니즘과탈식민주의,박상기,3,"화,목 10:30~11:45 [J317]","2,3,4학년",,6,영어강의
AMC4120-01,문화와정치,박상기,3,"화,목 09:00~10:15 [J215]","2,3,4학년",,2,영어강의
AMC4140-01,미국영화세미나,Hantke Steffen Horst,3,월 10:30~11:45 / 수 12:00~13:15 [J309],"2,3,4학년",,7,영어강의
CHI2001-01,전공기초중국어1,류동춘,3,"화,목 15:00~16:15 [J602]",전학년,,13,권장학년: 1-2학년
CHI2004-01,중국문화의이해,이정재,3,"화,목 10:30~11:45 [J217]",전학년,,11,권장학년: 1-2학년
CHI2006-01,"오늘의중국,중국인",홍지순,3,"수,금 13:30~14:45 [J327]",전학년,,11,영어강의
CHI3005-01,고급중국어,강병규,3,"화,목 15:00~16:15 [J209]",전학년,,7,권장학년: 2-4학년
CHI3011-01,중국고전시의세계,김근,3,"화,목 10:30~11:45 [J602]",전학년,,7,권장학년: 2-4학년
CHI3012-01,중국신화와내러티브,박지현,3,월 12:00~13:15 / 금 10:30~11:45 [J325],전학년,,5,권장학년: 2-4학년
CHI3017-01,현대중국어문법,강병규,3,월 10:30~11:45 / 수 12:00~13:15 [J209],전학년,,10,권장학년: 2-4학년
CHI3025-01,영화와현대중국,이욱연,3,"화,목 16:30~17:45 [J602]",전학년,,8,권장학년: 2-4학년
CHI3030-01,문화연구:상징과권력,김근,3,"화,목 13:30~14:45 [J602]",전학년,,9,권장학년: 2-4학년
CHI3032-01,루쉰과현대,이욱연,3,월 10:30~11:45 / 수 12:00~13:15 [J313],"2,3,4학년",,2,권장학년: 2-4학년
CHI4014-01,세계속의중국문화,홍지순,3,"수,금 15:00~16:15 [J327]",전학년,,3,영어강의
CHI4015-01,중국진출기업의문화적현지화(캡스톤디자인),이욱연,3,월 15:00~17:45 [J323],전학년,,3,권장학년: 1-4학년
PSY2001-01,일반심리학,이창환,3,"화,목 13:30~14:45 [D202]",전학년,,23,영어강의
PSY2001-02,일반심리학,김근영,3,"수,금 15:00~16:15 [DB101]",전학년,,74,권장학년: 1-4학년
PSY2002-01,심리통계,오경기,3,"화,목 16:30~17:45 [AS109]",전학년,,5,권장학년: 1-4학년
PSY2004-01,인지심리학,이창환,3,"화,목 10:30~11:45 [D202]",전학년,,24,영어강의
PSY3001-01,임상심리학,김향숙,3,"화,목 13:30~14:45 [D301]",전학년,,12,영어강의
PSY3002-01,상담심리학,신혜린,3,"화,목 15:00~16:15 [K404]",전학년,,28,권장학년: 2-4학년
PSY3005-01,적응심리학,연규진,3,"수,금 15:00~16:15 [D301]",전학년,,10,영어강의
PSY3010-01,인사심리학,장재윤,3,월 09:00~10:15 / 수 10:30~11:45 [D502],전학년,,2,권장학년: 2-4학년
PSY3016-01,동기및정서심리학,김지연,3,월 10:30~11:45 / 수 12:00~13:15 [D302],전학년,,20,권장학년: 2-4학년
PSY3022-01,다문화심리학,나진경,3,월 12:00~13:15 / 금 10:30~11:45 [K305],전학년,,15,영어강의
PSY4005-01,집단상담,장재홍,3,"화,목 09:00~10:15 [D406]",전학년,,6,권장학년: 2-4학년
PSY4007-01,진로상담,연규진,3,월 12:00~13:15 / 금 10:30~11:45 [D406],전학년,,1,권장학년: 2-4학년
PSY4014-01,유아및아동심리학,김근영,3,"화,목 15:00~16:15 [D301]",전학년,,21,권장학년: 2-4학년
PSY4032-01,상담면접기법,장재홍,3,"화,목 10:30~11:45 [D406]",전학년,,2,권장학년: 3-4학년
PSY4036-01,발달정신병리학,김향숙,3,"화,목 16:30~17:45 [D301]",전학년,,3,권장학년: 3-4학년
CHS2001-01,한국문화와역사,정선용,3,"화,목 10:30~11:45 [K303]",전학년,,22,권장학년: 1-2학년
CHS2001-02,한국문화와역사,이장우,3,"월,금 16:30~17:45 [K303]",전학년,,38,권장학년: 1-2학년
CHS2002-01,현대한국의형성,김혜정,3,월 12:00~13:15 / 금 10:30~11:45 [K201],전학년,,25,권장학년: 1-2학년
CHS2002-02,현대한국의형성,정일영,3,"수,금 09:00~10:15 [K203]",전학년,,41,권장학년: 1-2학년
CHS2002-03,현대한국의형성,서진교,3,"화,목 16:30~17:45 [K203]",전학년,,22,권장학년: 1-2학년
CHS2003-01,현대동아시아의형성,방향숙,3,"수,금 13:30~14:45 [K502]",전학년,,28,권장학년: 1-2학년
CHS2003-02,현대동아시아의형성,홍승현,3,"화,목 09:00~10:15 [K403]",전학년,,28,권장학년: 1-2학년
CHS2003-03,현대동아시아의형성,김성현,3,"화,목 13:30~14:45 [K502]",전학년,,38,권장학년: 1-2학년
CHS2004-01,현대서양의형성,권은혜,3,월 13:30~14:45 / 금 12:00~13:15 [K502],전학년,,35,권장학년: 1-2학년
CHS2004-02,현대서양의형성,최성철,3,"수,금 15:00~16:15 [K402]",전학년,,28,권장학년: 1-2학년
CHS2004-03,현대서양의형성,주철민,3,"화,목 12:00~13:15 [J102]",전학년,,37,권장학년: 1-2학년
CHS2006-01,역사란무엇인가,임상우,3,월 15:00~16:15 / 수 16:30~17:45 [J102],전학년,,29,권장학년: 1-4학년
CHU4002-01,인물로본한국사,이숙경,3,"화,목 16:30~17:45 [J215]",전학년,,1,권장학년: 1-4학년
CHU4010-01,성의역사,이민경,3,"수,금 13:30~14:45 [K509]",전학년,,1,권장학년: 1-4학년
CHU4011-01,영화로본역사,김지혜,3,월 12:00~13:15 / 금 10:30~11:45 [K301],전학년,,18,권장학년: 1-4학년
CHU4018-01,이주의역사,박단,3,"화,목 15:00~16:15 [J321]",전학년,,1,권장학년: 1-4학년
COR1001-01,읽기와쓰기,조영일,3,월 09:00~10:15 / 수 10:30~11:45 [J108],전학년,,12,권장학년: 1학년
COR1001-03,읽기와쓰기,이지영,3,월 10:30~11:45 / 수 12:00~13:15 [J104],전학년,,18,권장학년: 1학년
COR1001-04,읽기와쓰기,권은,3,"화,목 12:00~13:15 [J104]",전학년,,25,권장학년: 1학년
COR1001-05,읽기와쓰기,최성민,3,월 15:00~16:15 / 수 16:30~17:45 [J106],전학년,,7,권장학년: 1학년
COR1001-06,읽기와쓰기,황인순,3,"화,목 15:00~16:15 [J207]",전학년,,22,권장학년: 1학년
COR1001-07,읽기와쓰기,김지영,3,월 12:00~13:15 / 금 10:30~11:45 [J104],전학년,,27,권장학년: 1학년
COR1001-08,읽기와쓰기,허윤진,3,"수,금 09:00~10:15 [J106]",전학년,,13,권장학년: 1학년
COR1001-09,읽기와쓰기,김지영,3,월 13:30~14:45 / 금 12:00~13:15 [J104],전학년,,21,권장학년: 1학년
COR1001-10,읽기와쓰기,최성민,3,"수,금 13:30~14:45 [J106]",전학년,,11,권장학년: 1학년
COR1001-11,읽기와쓰기,이부순,3,"월,금 16:30~17:45 [J106]",전학년,,7,권장학년: 1학년
COR1001-12,읽기와쓰기,공성수,3,"화,목 16:30~17:45 [J108]",전학년,,17,권장학년: 1학년
COR1001-13,읽기와쓰기,최성민,3,"수,금 15:00~16:15 [J106]",전학년,,12,권장학년: 1학년
COR1001-14,읽기와쓰기,최성민,3,월 10:30~11:45 / 수 12:00~13:15 [J106],전학년,,20,권장학년: 1학년
COR1001-15,읽기와쓰기,공성수,3,"화,목 10:30~11:45 [J108]",전학년,,18,권장학년: 1학년
COR1001-17,읽기와쓰기,황인순,3,"화,목 13:30~14:45 [J207]",전학년,,15,권장학년: 1학년
COR1001-18,읽기와쓰기,김정현,3,"수,금 15:00~16:15 [J128]",전학년,,24,권장학년: 1학년
COR1001-19,읽기와쓰기,박상익,3,월 09:00~10:15 / 수 10:30~11:45 [J104],전학년,,13,공학인증
COR1001-20,읽기와쓰기,박진혁,3,"화,목 09:00~10:15 [J104]",전학년,,7,공학인증
COR1001-21,읽기와쓰기,권은,3,"화,목 10:30~11:45 [J104]",전학년,,29,공학인증
COR1001-22,읽기와쓰기,조경은,3,"화,목 12:00~13:15 [J106]",전학년,,23,공학인증
COR1001-23,읽기와쓰기,이경욱,3,월 15:00~16:15 / 수 16:30~17:45 [J108],전학년,,20,공학인증
COR1001-24,읽기와쓰기,김정현,3,"화,목 15:00~16:15 [J309]",전학년,,29,공학인증
COR1001-25,읽기와쓰기,이부순,3,월 12:00~13:15 / 금 10:30~11:45 [J106],전학년,,25,공학인증
COR1001-26,읽기와쓰기,김보현,3,"수,금 09:00~10:15 [J104]",전학년,,20,공학인증
COR1001-27,읽기와쓰기,김보현,3,"화,목 10:30~11:45 [J106]",전학년,,22,공학인증
COR1001-28,읽기와쓰기,김보현,3,"수,금 13:30~14:45 [J104]",전학년,,17,공학인증
COR1001-29,읽기와쓰기,이소연,3,"월,금 16:30~17:45 [J108]",전학년,,12,공학인증
COR1001-30,읽기와쓰기,김정현,3,"화,목 16:30~17:45 [J106]",전학년,,16,공학인증
COR1001-31,읽기와쓰기,조경은,3,"수,금 15:00~16:15 [J110]",전학년,,4,공학인증
COR1001-32,읽기와쓰기,조경은,3,"화,목 15:00~16:15 [J106]",전학년,,5,권장학년: 1학년
COR1001-33,읽기와쓰기,김정현,3,"월,금 16:30~17:45 [J116]",전학년,,1,공학인증
COR1003-01,글로벌의사소통I,"Willers, Arthur Gregory",3,월 09:00~10:15 / 수 10:30~11:45 [J116],전학년,,15,영어강의
COR1003-02,글로벌의사소통I,홍진영,3,"화,목 09:00~10:15 [J321]",전학년,,15,영어강의
COR1003-03,글로벌의사소통I,"Willers, Arthur Gregory",3,월 10:30~11:45 / 수 12:00~13:15 [J116],전학년,,14,영어강의
COR1003-04,글로벌의사소통I,"Ellis, Jason Edward",3,"화,목 12:00~13:15 [J110]",전학년,,17,영어강의
COR1003-05,글로벌의사소통I,"Willers, Arthur Gregory",3,월 15:00~16:15 / 수 16:30~17:45 [J116],전학년,,13,영어강의
COR1003-06,글로벌의사소통I,"Ellis, Jason Edward",3,"화,목 15:00~16:15 [J110]",전학년,,18,영어강의
COR1003-07,글로벌의사소통I,이원희,3,월 12:00~13:15 / 금 10:30~11:45 [D610],전학년,,12,영어강의
COR1003-08,글로벌의사소통I,"Kim, Jae Pil",3,"수,금 13:30~14:45 [J112]",전학년,,12,영어강의
COR1003-09,글로벌의사소통I,이원희,3,월 13:30~14:45 / 금 12:00~13:15 [D610],전학년,,14,영어강의
COR1003-10,글로벌의사소통I,"Kifer, Jason Alan",3,"수,금 13:30~14:45 [J110]",전학년,,14,영어강의
COR1003-11,글로벌의사소통I,홍진영,3,월 13:30~14:45 / 금 12:00~13:15 [J321],전학년,,16,영어강의
COR1003-12,글로벌의사소통I,채현순,3,"화,목 10:30~11:45 [J116]",전학년,,16,영어강의
COR1003-13,글로벌의사소통I,조혜연,3,"수,금 09:00~10:15 [J116]",전학년,,10,영어강의
COR1003-14,글로벌의사소통I,이원희,3,"화,목 10:30~11:45 [D610]",전학년,,22,영어강의
COR1003-15,글로벌의사소통I,홍진영,3,"화,목 10:30~11:45 [J323]",전학년,,17,영어강의
COR1003-16,글로벌의사소통I,채현순,3,월 13:30~14:45 / 금 12:00~13:15 [J116],전학년,,10,영어강의
COR1003-17,글로벌의사소통I,김영나,3,"화,목 13:30~14:45 [J114]",전학년,,9,영어강의
COR1003-18,글로벌의사소통I,"Thigpen, Byron Douglas",3,"수,금 15:00~16:15 [D610]",전학년,,12,영어강의
COR1003-19,글로벌의사소통I,김영옥,3,월 09:00~10:15 / 수 10:30~11:45 [J114],전학년,,9,영어강의
COR1003-20,글로벌의사소통I,채현순,3,"화,목 09:00~10:15 [J116]",전학년,,13,영어강의
COR1003-21,글로벌의사소통I,김영옥,3,월 10:30~11:45 / 수 12:00~13:15 [J114],전학년,,19,영어강의
COR1003-22,글로벌의사소통I,"Thigpen, Byron Douglas",3,"화,목 12:00~13:15 [D506]",전학년,,9,영어강의
COR1003-23,글로벌의사소통I,"Ellis, Jason Edward",3,월 15:00~16:15 / 수 16:30~17:45 [J110],전학년,,16,영어강의
COR1003-24,글로벌의사소통I,"Thigpen, Byron Douglas",3,"화,목 13:30~14:45 [D506]",전학년,,16,영어강의
COR1003-25,글로벌의사소통I,홍진영,3,월 12:00~13:15 / 금 10:30~11:45 [J321],전학년,,13,영어강의
COR1003-26,글로벌의사소통I,"Kim, Jae Pil",3,"수,금 09:00~10:15 [J112]",전학년,,11,영어강의
COR1003-27,글로벌의사소통I,김영옥,3,월 13:30~14:45 / 금 12:00~13:15 [J114],전학년,,9,영어강의
COR1003-28,글로벌의사소통I,김영나,3,"수,금 13:30~14:45 [J116]",전학년,,12,영어강의
COR1003-29,글로벌의사소통I,"Kifer, Jason Alan",3,"월,금 16:30~17:45 [J104]",전학년,,15,영어강의
COR1003-30,글로벌의사소통I,김영나,3,"화,목 10:30~11:45 [J114]",전학년,,14,영어강의
COR1003-31,글로벌의사소통I,"Ellis, Jason Edward",3,월 09:00~10:15 / 수 10:30~11:45 [J112],전학년,,11,영어강의
COR1003-32,글로벌의사소통I,"Kifer, Jason Alan",3,"수,금 09:00~10:15 [J110]",전학년,,9,영어강의
COR1003-33,글로벌의사소통I,김영나,3,"화,목 09:00~10:15 [J114]",전학년,,10,영어강의
COR1003-34,글로벌의사소통I,"Kim, Jae Pil",3,"화,목 15:00~16:15 [J112]",전학년,,14,영어강의
COR1005-01,글로벌의사소통I(고급),"Thigpen, Byron Douglas",3,"화,목 15:00~16:15 [D506]",전학년,,11,영어강의
COR1005-02,글로벌의사소통I(고급),"Thigpen, Byron Douglas",3,"수,금 13:30~14:45 [D610]",전학년,,8,영어강의
COR1007-01,성찰과성장1,"박종인, 이영석, 김학준",1,,1학년,,2,
COR1007-02,성찰과성장1,"박종인, 이영석, 김학준",1,,1학년,,0,
COR1007-03,성찰과성장1,"박종인, 이영석, 김학준",1,,1학년,,0,
COR1007-04,성찰과성장1,"박종인, 이영석, 김학준",1,,1학년,,0,
COR1007-05,성찰과성장1,"박종인, 이영석, 김학준",1,,1학년,,0,
COR1007-06,성찰과성장1,"박종인, 이영석, 김학준",1,,1학년,,0,
COR1007-07,성찰과성장1,"박종인, 이영석, 김학준",1,,1학년,,0,
COR1007-08,성찰과성장1,"박종인, 이영석, 김학준",1,,1학년,,0,
COR1007-09,성찰과성장1,"박종인, 이영석, 김학준",1,,1학년,,0,
COR1007-10,성찰과성장1,"박종인, 이영석, 김학준",1,,1학년,,0,
COR1007-11,성찰과성장1,"박종인, 이영석, 김학준",1,,1학년,,0,
COR1007-12,성찰과성장1,"박종인, 이영석, 김학준",1,,1학년,,0,
COR1007-13,성찰과성장1,"박종인, 이영석, 김학준",1,,1학년,,0,
COR1007-14,성찰과성장1,"박종인, 이영석, 김학준",1,,1학년,,0,
COR1007-15,성찰과성장1,"박종인, 이영석, 김학준",1,,1학년,,0,
COR1007-16,성찰과성장1,"박종인, 이영석, 김학준",1,,1학년,,0,
COR1007-17,성찰과성장1,"박종인, 이영석, 김학준",1,,1학년,,0,
COR1007-18,성찰과성장1,"박종인, 이영석, 김학준",1,,1학년,,0,
COR1007-19,성찰과성장1,"박종인, 이영석, 김학준",1,,1학년,,0,
COR1007-20,성찰과성장1,"박종인, 이영석, 김학준",1,,1학년,,0,
COR1007-21,성찰과성장1,"박종인, 이영석, 김학준",1,,1학년,,0,
COR1007-22,성찰과성장1,"박종인, 이영석, 김학준",1,,1학년,,0,
COR1007-23,성찰과성장1,"박종인, 이영석, 김학준",1,,1학년,,0,
COR1007-24,성찰과성장1,"박종인, 이영석, 김학준",1,,1학년,,0,
COR1009-01,컴퓨팅사고력,박수용,3,월 13:30~14:45 [J302],1학년,,52,권장학년: 1학년
COR1009-02,컴퓨팅사고력,박수용,3,월 13:30~14:45 [J302],1학년,,22,권장학년: 1학년
COR1009-03,컴퓨팅사고력,박수용,3,월 13:30~14:45 [J302],1학년,,19,권장학년: 1학년
COR1009-04,컴퓨팅사고력,박수용,3,월 13:30~14:45 [J302],1학년,,6,권장학년: 1학년
COR1009-05,컴퓨팅사고력,박수용,3,월 13:30~14:45 [J302],1학년,,20,권장학년: 1학년
COR1009-06,컴퓨팅사고력,박수용,3,월 13:30~14:45 [J302],1학년,,9,권장학년: 1학년
COR1009-07,컴퓨팅사고력,서정연,3,화 13:30~14:45 [J302],1학년,,32,권장학년: 1학년
COR1009-08,컴퓨팅사고력,서정연,3,화 13:30~14:45 [J302],1학년,,21,권장학년: 1학년
COR1009-09,컴퓨팅사고력,서정연,3,화 13:30~14:45 [J302],1학년,,37,권장학년: 1학년
COR1009-10,컴퓨팅사고력,박성용,3,금 12:00~13:15 [J302],1학년,,25,권장학년: 1학년
COR1009-11,컴퓨팅사고력,박성용,3,금 12:00~13:15 [J302],1학년,,29,권장학년: 1학년
COR1009-12,컴퓨팅사고력,박성용,3,금 12:00~13:15 [J302],1학년,,16,권장학년: 1학년
COR1009-13,컴퓨팅사고력,지용,3,월 12:00~13:15 / 금 10:30~11:45 [AS305],1학년,,17,권장학년: 1학년
COR1009-14,컴퓨팅사고력,지용,3,월 10:30~11:45 / 수 12:00~13:15 [AS305],1학년,,15,권장학년: 1학년
COR1009-15,컴퓨팅사고력,유양모,3,"화,목 09:00~10:15 [AS303]",1학년,,20,영어강의
COR1009-16,컴퓨팅사고력,김주한,3,월 09:00~10:15 / 수 10:30~11:45 [AS414],1학년,,33,권장학년: 1학년
COR1011-01,컴퓨팅사고력(고급),오경환,3,"수,금 13:30~14:45 [AS414]",1학년,,31,공학인증
COR1011-02,컴퓨팅사고력(고급),오경환,3,"수,금 15:00~16:15 [AS414]",1학년,,41,공학인증
ETS2001-01,현대세계와윤리문제,박혜순,3,월 12:00~13:15 / 금 10:30~11:45 [K203],전학년,,33,공학인증
ETS2001-02,현대세계와윤리문제,홍우람,3,"수,금 09:00~10:15 [J307]",전학년,,10,공학인증
ETS2001-03,현대세계와윤리문제,조윤경,3,"월,금 16:30~17:45 [K203]",전학년,,32,공학인증
ETS2001-04,현대세계와윤리문제,이임찬,3,"화,목 10:30~11:45 [K502]",전학년,,30,공학인증
ETS2001-05,현대세계와윤리문제,이임찬,3,월 15:00~16:15 / 수 16:30~17:45 [K303],전학년,,30,공학인증
ETS2001-06,현대세계와윤리문제,하유진,3,"화,목 16:30~17:45 [K303]",전학년,,17,공학인증
ETS2002-01,논리와비판적사고,김봉규,3,"화,목 12:00~13:15 [K503]",전학년,,25,공학인증
ETS2002-02,논리와비판적사고,김영건,3,"화,목 16:30~17:45 [J311]",전학년,,36,공학인증
ETS2002-03,논리와비판적사고,석기용,3,월 09:00~10:15 / 수 10:30~11:45 [J102],전학년,,35,공학인증
ETS2002-04,논리와비판적사고,김종원,3,"수,금 15:00~16:15 [J102]",전학년,,27,공학인증
ETS2002-05,논리와비판적사고,서상복,3,월 13:30~14:45 / 금 12:00~13:15 [K401],전학년,,39,공학인증
ETS2002-06,논리와비판적사고,석기용,3,월 12:00~13:15 / 금 10:30~11:45 [J102],전학년,,31,권장학년: 1-4학년
ETS2003-01,철학산책,최진석,3,"화,목 13:30~14:45 [J118]",전학년,,54,공학인증
ETS2004-01,종교와세계문화,박현준,3,"수,금 09:00~10:15 [J107]",전학년,,28,공학인증
ETS2004-02,종교와세계문화,오지섭,3,"수,금 15:00~16:15 [K403]",전학년,,31,공학인증
ETS2004-03,종교와세계문화,최용운,3,월 10:30~11:45 / 수 12:00~13:15 [K502],전학년,,28,영어강의
ETS2004-04,종교와세계문화,박정환,3,"화,목 12:00~13:15 [K201]",전학년,,28,공학인증
ETS2004-05,종교와세계문화,최우혁,3,월 09:00~10:15 / 수 10:30~11:45 [K303],전학년,,35,공학인증
ETS2004-06,종교와세계문화,현재우,3,"화,목 16:30~17:45 [K301]",전학년,,39,공학인증
ETS2004-07,종교와세계문화,이숙희,3,월 15:00~16:15 / 수 16:30~17:45 [K402],전학년,,31,공학인증
ETU4003-01,직업과윤리,김진영,3,"화,목 12:00~13:15 [J108]","2,3,4학년",,2,권장학년: 1-4학년
ETU4005-01,서양철학고전읽기,오은영,3,"화,목 12:00~13:15 [J327]","2,3,4학년",,6,권장학년: 1-4학년
ETU4009-01,영화와철학,윤혜경,3,"수,금 15:00~16:15 [K404]","2,3,4학년",,7,권장학년: 1-4학년
ETU4010-01,한국문화와종교,현재우,3,"화,목 15:00~16:15 [K305]",전학년,,30,권장학년: 1-4학년
ETU4016-01,"종교,폭력,평화",김명희,3,"수,금 13:30~14:45 [K506]",전학년,,3,권장학년: 2-4학년
HFS2001-01,철학적인간학,박병준,3,"화,목 16:30~17:45 [J107]",전학년,,18,공학인증
HFS2001-02,철학적인간학,홍경자,3,"화,목 13:30~14:45 [K305]",전학년,,20,권장학년: 2학년
HFS2001-03,철학적인간학,홍경자,3,"화,목 16:30~17:45 [K305]",전학년,,24,공학인증
HFS2001-04,철학적인간학,강용수,3,"수,금 13:30~14:45 [K305]",전학년,,26,공학인증
HFS2001-05,철학적인간학,홍영미,3,"수,금 13:30~14:45 [MA202]",전학년,,21,권장학년: 2학년
HFS2002-01,신학적인간학,조현철,3,"화,목 10:30~11:45 [K304]","2,3,4학년",,12,공학인증
HFS2002-02,신학적인간학,강선남,3,"수,금 15:00~16:15 [D202]","2,3,4학년",,22,공학인증
HFS2002-03,신학적인간학,강영옥,3,"화,목 12:00~13:15 [K404]","2,3,4학년",,29,공학인증
HFS2002-04,신학적인간학,최우혁,3,월 10:30~11:45 / 수 12:00~13:15 [K303],"2,3,4학년",,41,공학인증
HFS2003-01,그리스도교윤리,우재명,3,월 12:00~13:15 / 금 10:30~11:45 [D402],"2,3,4학년",,21,공학인증
HFS2003-02,그리스도교윤리,박은미,3,"수,금 15:00~16:15 [K303]","2,3,4학년",,15,공학인증
HFS2003-03,그리스도교윤리,강영옥,3,"화,목 13:30~14:45 [K404]","2,3,4학년",,29,공학인증
HFS2003-04,그리스도교윤리,김소영,3,"화,목 13:30~14:45 [J307]","2,3,4학년",,24,권장학년: 2학년
HFU4005-01,개인과공동체,박현준,3,"수,금 13:30~14:45 [K307]",전학년,,15,권장학년: 1-4학년
HFU4014-01,영성수련,김용수,3,"수,금 15:00~16:15 [D502]",전학년,,7,권장학년: 1-4학년
HFU4024-01,문학과영성,신문주,3,월 10:30~11:45 / 수 12:00~13:15 [J219],전학년,,8,권장학년: 1-4학년
HFU4026-01,치유의행복학,"박병준, 홍경자, 김진영",3,"화,목 15:00~16:15 [J215]",전학년,,12,권장학년: 1-4학년
HLU4001-01,영양과다이어트,이유숙,2,화 09:00~10:50 [K507],전학년,,8,권장학년: 1-4학년
HLU4004-01,수영,조남용,1,월 10:30~12:20,전학년,,5,권장학년: 1-4학년
HLU4006-01,요가,장현정,1,월 13:30~15:20,전학년,,9,권장학년: 1-4학년
SPM3119-01,파워요가,장현정,1,목 13:30~15:20,전학년,,10,권장학년: 1-4학년
HLU4007-01,테니스,김종택,1,수 13:30~15:20,전학년,,5,권장학년: 1-4학년
HLU4007-02,테니스,정용철,1,목 13:30~15:20,전학년,,7,영어강의
HLU4102-01,테니스II,박기석,1,월 13:30~15:20,전학년,,8,권장학년: 1-4학년
HLU4008-01,탁구,김인실,1,화 16:30~18:20,전학년,,4,권장학년: 1-4학년
HLU4009-01,배드민턴,안현균,1,목 12:00~13:50,전학년,,9,권장학년: 1-4학년
HLU4011-01,농구,장기현,1,화 13:30~15:20,전학년,,10,권장학년: 1-4학년
HLU4011-02,농구,위성민,1,수 15:00~16:50,전학년,,7,권장학년: 1-4학년
HLU4013-01,축구,김남주,1,수 15:00~16:50,전학년,,5,권장학년: 1-4학년
HLU4013-02,축구,임수원,1,목 15:00~16:50,전학년,,10,권장학년: 1-4학년
HLU4014-01,야구,오자왕,1,화 12:00~13:50,전학년,,6,권장학년: 1-4학년
HLU4015-01,골프,김종택,1,수 10:30~12:20,전학년,,8,권장학년: 1-4학년
HLU4015-02,골프,김기홍,1,목 16:30~18:20,전학년,,3,영어강의
SPM3104-01,필드골프I,최대혁,2,월 15:00~17:45,전학년,,1,영어강의
HSS3001-01,인간과인성,우재명,2,수 15:00~17:45 [J302],전학년,,48,권장학년: 1-4학년
HSS3002-01,사회봉사,박혜윤,2,수 10:30~12:20 [MA201],전학년,,14,권장학년: 1-4학년
HSS3002-02,사회봉사,김미숙,2,목 10:30~12:20 [MA402],전학년,,5,영어강의
HSS3004-01,특수교육과장애의이해,안영회,3,수 13:30~16:15 [MA203],전학년,,15,권장학년: 1-4학년
HSS3005-01,수화의이해,김미원,2,월 16:30~18:20 [J102],전학년,,27,권장학년: 1-4학년
HSS3011-01,영어토론세미나,"Willers, Arthur Gregory",3,"화,목 10:30~11:45 [J309]","2,3,4학년",,15,영어강의
HSS3011-02,영어토론세미나,"Willers, Arthur Gregory",3,"화,목 13:30~14:45 [J309]","2,3,4학년",,10,영어강의
HSS3013-01,현대인문세미나,임상우,3,월 16:30~17:45 [J118],"2,3,4학년",,13,권장학년: 1-4학년
HSS3014-01,신입생세미나,"강성원, 이태수, 이승엽",1,금 16:30~18:30,1학년,,14,승인과목
HSS3014-02,신입생세미나,"공경철, 정시영, 최범규",1,금 16:30~18:30,1학년,,8,승인과목
HSS3014-03,신입생세미나,"김동철, 김낙수, 정현용",1,금 16:30~18:30,1학년,,6,승인과목
HSS3014-04,신입생세미나,"김원정, 이형일, 이철수",1,금 16:30~18:30,1학년,,9,승인과목
HSS3014-05,신입생세미나,"이정철, 허남건, 손기헌, 박정열",1,금 16:30~18:30,1학년,,4,승인과목
HSS3014-06,신입생세미나,박정혁,1,수 16:30~18:30 [K304],1학년,,17,승인과목
HSS3014-07,신입생세미나,신관우,1,화 16:30~18:30 [K502],1학년,,9,승인과목
HSS3014-08,신입생세미나,이덕형,1,화 16:30~18:30 [K502],1학년,,9,승인과목
HSS3014-09,신입생세미나,김현석,1,화 16:30~18:30 [RA408],1학년,,6,승인과목
HSS3014-10,신입생세미나,황선영,1,수 16:30~17:45 [K202],1학년,,7,승인과목
HSS3014-11,신입생세미나,송태경,1,수 16:30~17:45 [K202],1학년,,1,승인과목
HSS3014-12,신입생세미나,박형민,1,수 16:30~17:45 [K202],1학년,,1,승인과목
HSS3014-13,신입생세미나,최우영,1,수 16:30~17:45 [K202],1학년,,1,승인과목
HSS3014-14,신입생세미나,김홍석,1,수 16:30~17:45 [K202],1학년,,3,승인과목
HSS3014-15,신입생세미나,장형수,1,,,,0,
HSS3014-16,신입생세미나,박운상,1,,,,0,
HSS3014-17,신입생세미나,임종석,1,,,,0,
HSS3014-18,신입생세미나,김세준,1,,,,0,
HSS3014-19,신입생세미나,정성원,1,,,,0,
HSS3014-20,신입생세미나,김지환,1,,,,0,
HSS3014-21,신입생세미나,이혁준,1,,,,0,
HSS3014-22,신입생세미나,문준혁,1,,1학년,,0,
HSS3014-23,신입생세미나,김현철,1,,1학년,,0,
HSS3014-24,신입생세미나,김충익,1,,1학년,,0,
HSS3014-25,신입생세미나,김정욱,1,,1학년,,0,
HSS3014-26,신입생세미나,하경수,1,,1학년,,0,
HSS3014-27,신입생세미나,정광환,1,월 18:00~19:45 [K401],1학년,,9,승인과목
HSS3014-28,신입생세미나,이갑열,1,월 18:00~19:45 [K401],1학년,,4,승인과목
HSS3016-01,진로탐색,"양미경, 최성욱",1,화 15:00~16:15 [K502],"1,2학년",,66,권장학년: 1-2학년
HSS3019-01,세계를간다,김용해,2,,,,0,
LAU4003-01,언어의이해,남미정,3,월 12:00~13:15 / 금 10:30~11:45 [J327],전학년,,5,권장학년: 1-4학년
LAU4004-01,한문의이해,김수진,3,"월,금 16:30~17:45 [J313]",전학년,,1,권장학년: 1-4학년
LAU4009-01,실무논술작법,김남미,3,월 10:30~11:45 / 수 12:00~13:15 [J207],전학년,,3,권장학년: 1-4학년
LAU4012-01,그리스로마신화,나혜숙,3,"화,목 16:30~17:45 [J217]",전학년,,6,권장학년: 1-4학년
LAU4014-01,한국미술의역사와감상,최경화,3,월 13:30~16:15 [X349],전학년,,13,권장학년: 1-4학년
LAU4015-01,서양미술의역사와감상,전한호,3,수 10:30~13:15 [K202],전학년,,50,권장학년: 1-4학년
LAU4015-02,서양미술의역사와감상,황주영,3,"화,목 12:00~13:15 [K305]",전학년,,7,권장학년: 1-4학년
LAU4017-01,현대패션의이해,노주현,3,"화,목 12:00~13:15 [RA204]",전학년,,13,권장학년: 1-4학년
LAU4020-01,한국음악의역사와감상,김유석,3,수 09:00~11:45 [RA204],"1,2,3학년",,16,권장학년: 1-4학년
LAU4029-01,세계음악과문화의이해,김주연,3,월 12:00~13:15 / 금 10:30~11:45 [K502],전학년,,17,권장학년: 1-4학년
LAU4034-01,대학합창,김은실,2,월 15:00~17:45 [DB101],전학년,,18,권장학년: 1-4학년
LAU4035-01,사진의이해,강승진,2,월 09:00~11:45 [D601],전학년,,8,권장학년: 1-4학년
LAU4038-01,동양미술의이해,장수민,3,"수,금 09:00~10:15 [D412]",전학년,,4,권장학년: 1-4학년
LAU4041-01,단소실습,김동근,1,월 10:30~12:20,전학년,,4,권장학년: 1-4학년
LAU4044-01,기호학으로문화읽기,김보현,3,"화,목 15:00~16:15 [J128]",전학년,,7,권장학년: 1-4학년
LAU4050-01,디자인의이해,이동엽,3,화 15:00~17:45 [D201],전학년,,13,권장학년: 1-4학년
LCS2001-01,독일언어와문화I,이승희,3,"월,금 16:30~17:45 [J219]",전학년,,10,권장학년: 1학년
LCS2001-02,독일언어와문화I,송완용,3,"화,목 09:00~10:15 [J219]",전학년,,8,권장학년: 1학년
LCS2001-03,독일언어와문화I,장순란,3,"수,금 13:30~14:45 [J325]",전학년,,10,권장학년: 1학년
LCS2001-04,독일언어와문화I,정유성,3,"화,목 16:30~17:45 [J202]",전학년,,7,권장학년: 1학년
LCS2001-05,독일언어와문화I,이민수,3,월 15:00~16:15 / 수 16:30~17:45 [J217],전학년,,11,권장학년: 1학년
LCS2001-06,독일언어와문화I,이승희,3,"화,목 12:00~13:15 [J215]",전학년,,12,권장학년: 1학년
LCS2001-07,독일언어와문화I,성현숙,3,"화,목 10:30~11:45 [J209]",전학년,,16,권장학년: 1학년
LCS2001-08,독일언어와문화I,두행숙,3,"수,금 15:00~16:15 [J207]",전학년,,13,권장학년: 1학년
LCS2001-09,독일언어와문화I,김형민,3,월 09:00~10:15 / 수 10:30~11:45 [J209],전학년,,16,권장학년: 1학년
LCS2002-01,독일언어와문화II,조한렬,3,월 15:00~16:15 / 수 16:30~17:45 [J204],전학년,,2,권장학년: 1-2학년
LCS2003-01,프랑스언어와문화I,전재연,3,월 09:00~10:15 / 수 10:30~11:45 [J217],전학년,,10,권장학년: 1학년
LCS2003-02,프랑스언어와문화I,임애리,3,"화,목 13:30~14:45 [J217]",전학년,,12,권장학년: 1학년
LCS2003-03,프랑스언어와문화I,이충민,3,"수,금 15:00~16:15 [J217]",전학년,,14,권장학년: 1학년
LCS2003-04,프랑스언어와문화I,임애리,3,"화,목 16:30~17:45 [J209]",전학년,,10,권장학년: 1학년
LCS2003-05,프랑스언어와문화I,전재연,3,월 10:30~11:45 / 수 12:00~13:15 [J217],전학년,,15,권장학년: 1학년
LCS2003-06,프랑스언어와문화I,조지숙,3,월 09:00~10:15 / 수 10:30~11:45 [J215],전학년,,14,권장학년: 1학년
LCS2003-07,프랑스언어와문화I,조지숙,3,"수,금 09:00~10:15 [J209]",전학년,,6,권장학년: 1학년
LCS2003-08,프랑스언어와문화I,김이정,3,"화,목 09:00~10:15 [J217]",전학년,,7,권장학년: 1학년
LCS2003-09,프랑스언어와문화I,이충민,3,"월,금 16:30~17:45 [J207]",전학년,,11,권장학년: 1학년
LCS2004-01,프랑스언어와문화II,권현정,3,"화,목 15:00~16:15 [J204]",전학년,,5,권장학년: 1학년
LCS2005-01,중국언어와문화I,권도경,3,월 09:00~10:15 / 수 10:30~11:45 [J204],전학년,,6,권장학년: 1학년
LCS2005-02,중국언어와문화I,박연화,3,"화,목 10:30~11:45 [J207]",전학년,,13,권장학년: 1학년
LCS2005-03,중국언어와문화I,박지영,3,월 12:00~13:15 / 금 10:30~11:45 [J217],전학년,,6,권장학년: 1학년
LCS2005-04,중국언어와문화I,이경하,3,"화,목 12:00~13:15 [J209]",전학년,,5,권장학년: 1학년
LCS2005-05,중국언어와문화I,문영희,3,"화,목 13:30~14:45 [J215]",전학년,,7,권장학년: 1학년
LCS2005-06,중국언어와문화I,이종금,3,"수,금 09:00~10:15 [J325]",전학년,,4,권장학년: 1학년
LCS2005-07,중국언어와문화I,박지영,3,월 13:30~14:45 / 금 12:00~13:15 [J217],전학년,,9,권장학년: 1학년
LCS2007-01,일본언어와문화I,최은희,3,"수,금 09:00~10:15 [J217]",전학년,,8,권장학년: 1-4학년
LCS2007-02,일본언어와문화I,신미영,3,월 12:00~13:15 / 금 10:30~11:45 [J219],전학년,,11,권장학년: 1-4학년
LCS2007-03,일본언어와문화I,김계연,3,"화,목 13:30~14:45 [J204]",전학년,,8,권장학년: 1-4학년
LCS2007-04,일본언어와문화I,서명진,3,"수,금 15:00~16:15 [J209]",전학년,,13,권장학년: 1-4학년
LCS2007-05,일본언어와문화I,송현아,3,월 15:00~16:15 / 수 16:30~17:45 [J327],전학년,,6,권장학년: 1-4학년
LCU4005-01,인터넷을통한영어연습,홍진영,3,"화,목 13:30~14:45 [D508]","2,3,4학년",,4,영어강의
LCU4015-01,영화를통한영어연습,"Kim, Jae Pil",3,"수,금 15:00~16:15 [J202]","2,3,4학년",,7,영어강의
LCU4015-02,영화를통한영어연습,"Ellis, Jason Edward",3,"화,목 10:30~11:45 [J204]","2,3,4학년",,5,영어강의
LCU4017-01,비즈니스영어연습,채현순,3,"화,목 13:30~14:45 [J116]","2,3,4학년",,4,영어강의
LCU4017-02,비즈니스영어연습,채현순,3,월 12:00~13:15 / 금 10:30~11:45 [J116],"2,3,4학년",,4,영어강의
LCU4021-01,초급라틴어,한동일,3,"수,금 15:00~16:15 [K202]",전학년,,80,권장학년: 1-4학년
LCU4025-01,초급이탈리아어,"Adorno, Maria",3,"화,목 09:00~10:15 [K406]",전학년,,4,영어강의
LCU4029-01,이탈리아사회와문화,"Adorno, Maria",3,"화,목 10:30~11:45 [K201]",전학년,,17,영어강의
LCU4035-01,초급러시아어,서승현,3,금 13:30~16:15 [X349],전학년,,10,권장학년: 1-4학년
LCU4039-01,러시아사회와문화,서광진,3,"화,목 15:00~16:15 [X428]",전학년,,6,권장학년: 1-4학년
LCU4060-01,현대프랑스사회의갈등과통합,전종호,3,"수,금 15:00~16:15 [J315]",전학년,,4,권장학년: 1-4학년
LCU4103-01,기본영어,김영나,3,"수,금 15:00~16:15 [J116]",전학년,,5,영어강의
LCU4103-02,기본영어,박은성,3,"화,목 12:00~13:15 [J112]",전학년,,5,영어강의
LCU4103-03,기본영어,조혜연,3,"화,목 10:30~11:45 [J110]",전학년,,1,영어강의
LCU4105-01,초급아랍어,김재희,3,"화,목 10:30~11:45 [D201]",전학년,,14,권장학년: 1-4학년
LCU4106-01,현대중동이해,박현도,3,월 10:30~11:45 / 수 12:00~13:15 [DB102],전학년,,22,권장학년: 1-4학년
LCU4107-01,튜터링을통한글쓰기능력신장,김남미,2,"수,금 13:30~14:45 [X426]","2,3,4학년",,4,권장학년: 2-4학년
LCU4107-02,튜터링을통한글쓰기능력신장,김남미,2,"수,금 15:00~16:15 [X426]","2,3,4학년",,2,권장학년: 2-4학년
LED3010-01,발표와토론,김정현,3,월 15:00~16:15 / 수 16:30~17:45 [J207],"2,3,4학년",,2,권장학년: 1-4학년
LED3015-01,자기브랜드리더십,최혜림,3,월 10:30~13:15 [GA303B],전학년,,11,권장학년: 1-4학년
ROT4001-01,무관후보생교육I,,3,"화,목 09:00~11:45 [RA204]",3학년,,4,권장학년: 3학년
ROT4003-01,무관후보생교육III,,3,"화,목 09:00~11:45 [RA514]",4학년,,2,권장학년: 4학년
SHS2001-01,현대사회의이해,이종현,3,"수,금 09:00~10:15 [D301]",전학년,,12,공학인증
SHS2001-02,현대사회의이해,강혜경,3,"화,목 12:00~13:15 [D302]",전학년,,9,공학인증
SHS2002-01,한국과세계,이승원,3,월 10:30~11:45 / 수 12:00~13:15 [DB101],전학년,,58,공학인증
SHS2002-02,한국과세계,이지호,3,"화,목 10:30~11:45 [DB101]",전학년,,52,공학인증
SHS2002-03,한국과세계,서복경,3,월 12:00~13:15 / 금 10:30~11:45 [DB101],전학년,,42,공학인증
SHS2003-01,커뮤니케이션과사회,김명준,3,"화,목 12:00~13:15 [GA305]",전학년,,6,공학인증
SHS2004-01,경제와사회,변기석,3,"화,목 13:30~14:45 [K503]",전학년,,38,공학인증
SHS2005-01,법과공학,권세진,3,금 10:30~13:15 [DB102],전학년,,39,공학인증
SHS2005-02,법과공학,안재형,3,월 16:30~19:15 [RA204],전학년,,28,공학인증
SHS2005-03,법과공학,강기봉,3,월 15:00~17:45 [DB102],전학년,,48,공학인증
SHS2006-01,기업과경영의이해,이동현,3,월 10:30~11:45 / 수 12:00~13:15 [MA204],전학년,,22,공학인증
SHS2006-02,기업과경영의이해,박지현,3,"화,목 12:00~13:15 [MA206]",전학년,,17,공학인증
SHS2007-01,생활속의심리학,한기백,3,"화,목 12:00~13:15 [J107]",전학년,,13,영어강의
SHS2007-02,생활속의심리학,강재연,3,"화,목 15:00~16:15 [D202]",전학년,,24,공학인증
SHS2008-01,창업과기업경영,"최운열, 이석근",3,월 15:00~17:45 [PA201],전학년,,1,권장학년: 3-4학년
SHU4001-01,북한의이해와통일후한국,정영철,3,"화,목 16:30~17:45 [DB101]",전학년,,31,권장학년: 1-4학년
SHU4006-01,인권과정의,김녕,3,"화,목 15:00~16:15 [J323]",전학년,,1,권장학년: 1-4학년
SHU4016-01,현대사회와복지국가,문진영,3,"화,목 10:30~11:45 [D502]",전학년,,5,권장학년: 1-4학년
SHU4019-01,삶과교육,김재웅,3,월 10:30~11:45 / 수 12:00~13:15 [J128],전학년,,7,권장학년: 1-4학년
SHU4024-01,결혼준비특강,김영희,3,월 10:30~11:45 / 수 12:00~13:15 [K405],"2,3,4학년",,12,권장학년: 1-4학년
SHU4031-01,인권과교육,김녕,3,"화,목 12:00~13:15 [J315]",전학년,,7,권장학년: 1-4학년
SHU4050-01,국제개발협력의이해,김동택,3,수 15:00~17:45 [J309],전학년,,19,권장학년: 1-4학년
SHU4052-01,세계대전의이해,이장욱,3,"수,금 15:00~16:15 [K201]",전학년,,37,권장학년: 1-4학년
SHU4054-01,자기표현의심리적이해,김은진,3,월 12:00~14:45 [D301],"2,3,4학년",,13,권장학년: 2-4학년
SHU4057-01,공감의시대,정강엽,2,수 10:30~12:20 [D201],전학년,,6,권장학년: 1-4학년
SHU4063-01,인간과기업가정신,오영호,2,수 15:00~16:50 [K307],전학년,,4,권장학년: 1-4학년
SHU4064-01,문제해결을위한효과적인정보탐색이란?,"우찬제, 전미경",2,수 15:00~16:50 [AS107],전학년,,0,권장학년: 1-4학년
STS2001-01,자연과인간,이덕환,3,월 10:30~11:45 / 수 12:00~13:15 [K301],전학년,,14,권장학년: 1학년
STS2002-03,생명과환경,이규호,3,"화,목 13:30~14:45 [K504]",전학년,,23,권장학년: 1학년
STS2002-04,생명과환경,한징택,3,"화,목 15:00~16:15 [K307]",전학년,,18,권장학년: 1학년
STS2002-05,생명과환경,이병하,3,"수,금 13:30~14:45 [K301]",전학년,,37,권장학년: 1학년
STS2004-01,대학수학,조성희,3,월 09:00~10:15 / 수 10:30~11:45 [RA408],전학년,,24,권장학년: 1학년
STS2004-02,대학수학,김윤식,3,월 12:00~13:15 / 금 10:30~11:45 [RA408],전학년,,24,권장학년: 1학년
STS2004-03,대학수학,이미선,3,월 12:00~13:15 / 금 10:30~11:45 [RA406B],전학년,,12,권장학년: 1학년
STS2004-04,대학수학,이미선,3,월 13:30~14:45 / 금 12:00~13:15 [RA406B],전학년,,37,권장학년: 1학년
STS2004-05,대학수학,강병수,3,월 13:30~14:45 / 금 12:00~13:15 [RA308],전학년,,29,권장학년: 1학년
STS2004-06,대학수학,유지현,3,"화,목 09:00~10:15 [K402]",전학년,,30,권장학년: 1학년
STS2004-07,대학수학,김순영,3,"화,목 12:00~13:15 [K203]",전학년,,36,권장학년: 1학년
STS2004-08,대학수학,김순영,3,"화,목 15:00~16:15 [K203]",전학년,,33,권장학년: 1학년
STS2004-09,대학수학,최미란,3,"화,목 15:00~16:15 [K304]",전학년,,32,권장학년: 1학년
STS2004-10,대학수학,김지현,3,"수,금 09:00~10:15 [RA408]",전학년,,30,권장학년: 1학년
STS2004-11,대학수학,김현정,3,"수,금 13:30~14:45 [K303]",전학년,,24,권장학년: 1학년
STS2004-12,대학수학,김두규,3,"수,금 15:00~16:15 [K203]",전학년,,21,권장학년: 1학년
STS2005-01,미적분학I,김종수,3,"화,목 10:30~11:45 [RA410]",1학년,,32,권장학년: 1학년
STS2005-02,미적분학I,김영경,3,월 09:00~10:15 / 수 10:30~11:45 [K201],전학년,,33,권장학년: 1학년
STS2005-03,미적분학I,하구용,3,월 09:00~10:15 / 수 10:30~11:45 [RA308],전학년,,32,공학인증
STS2005-04,미적분학I,김현정,3,월 12:00~13:15 / 금 10:30~11:45 [K303],전학년,,37,공학인증
STS2005-05,미적분학I,김현정,3,월 13:30~14:45 / 금 12:00~13:15 [K303],전학년,,46,공학인증
STS2005-06,미적분학I,김지현,3,월 13:30~14:45 / 금 12:00~13:15 [K203],전학년,,27,권장학년: 1학년
STS2005-07,미적분학I,김영경,3,월 15:00~16:15 / 수 16:30~17:45 [K203],전학년,,31,공학인증
STS2005-08,미적분학I,김순영,3,"화,목 09:00~10:15 [K203]",전학년,,28,공학인증
STS2005-09,미적분학I,유지현,3,"화,목 10:30~11:45 [K402]",전학년,,53,공학인증
STS2005-10,미적분학I,강유태,3,"화,목 12:00~13:15 [RA308]",전학년,,29,공학인증
STS2005-11,미적분학I,강유태,3,"화,목 13:30~14:45 [RA308]",전학년,,23,공학인증
STS2005-12,미적분학I,강유태,3,"화,목 15:00~16:15 [RA308]",전학년,,38,공학인증
STS2005-13,미적분학I,김지현,3,"수,금 13:30~14:45 [K203]",전학년,,42,공학인증
STS2008-01,C언어,서경희,3,월 09:00~10:15 / 수 10:30~11:45 [AS111],전학년,,9,권장학년: 1학년
STS2008-02,C언어,서경희,3,월 12:00~13:15 / 금 10:30~11:45 [AS111],전학년,,13,권장학년: 1학년
STS2008-03,C언어,김선호,3,"화,목 12:00~13:15 [AS111]",전학년,,13,권장학년: 1학년
STS2008-04,C언어,임종석,3,"화,목 13:30~14:45 [AS111]",전학년,,6,권장학년: 1학년
CSW2010-01,기초C언어,이지선,3,월 15:00~16:15 / 수 16:30~17:45 [K502],전학년,,34,권장학년: 2-4학년
STS2010-01,과학사,이정희,3,월 09:00~10:15 / 수 10:30~11:45 [K402],전학년,,12,공학인증
STS2010-02,과학사,이정희,3,월 10:30~11:45 / 수 12:00~13:15 [K402],전학년,,21,공학인증
STU4003-01,인간과환경,김성욱,3,"화,목 10:30~11:45 [D303A]",전학년,,4,권장학년: 1-4학년
STU4006-01,자연재해와우리사회,김현주,3,"화,목 12:00~13:15 [K303]",전학년,,25,권장학년: 1-4학년
STU4007-01,지구과학,김현주,3,"화,목 13:30~14:45 [K303]",전학년,,12,권장학년: 1-4학년
STU4016-01,사상의학의이해,이병삼,3,수 15:00~17:45 [K301],전학년,,24,권장학년: 1-4학년
TLS1002-01,비평적글쓰기연습,허윤진,3,월 09:00~10:15 / 수 10:30~11:45 [J106],전학년,,9,권장학년: 1-4학년
TLS1002-02,비평적글쓰기연습,김보현,3,"화,목 09:00~10:15 [J106]",전학년,,7,권장학년: 1-4학년
TLS1004-01,글로벌의사소통II,"Kifer, Jason Alan",3,월 09:00~10:15 / 수 10:30~11:45 [J110],전학년,,1,영어강의
TLS1004-02,글로벌의사소통II,"Kim, Jae Pil",3,"화,목 13:30~14:45 [J112]",전학년,,5,영어강의
TLS1004-03,글로벌의사소통II,"Kifer, Jason Alan",3,월 10:30~11:45 / 수 12:00~13:15 [J110],전학년,,5,영어강의
TLS1004-04,글로벌의사소통II,"Kim, Jae Pil",3,"화,목 10:30~11:45 [J112]",전학년,,4,영어강의
TLS1004-05,글로벌의사소통II,김영옥,3,"수,금 15:00~16:15 [J114]",전학년,,4,영어강의
TLS1004-06,글로벌의사소통II,이원희,3,"화,목 12:00~13:15 [D610]",전학년,,5,영어강의
TLS1005-01,영어읽기와토론연습,"Willers, Arthur Gregory",3,"수,금 15:00~16:15 [J204]",전학년,,6,영어강의
TLS1006-01,실용영어와발표연습,"Ellis, Jason Edward",3,월 10:30~11:45 / 수 12:00~13:15 [J204],전학년,,8,영어강의
EDU2001-01,교육학개론,한석훈,3,월 13:30~14:45 / 금 12:00~13:15 [J128],전학년,,29,권장학년: 1-4학년
EDU3045-01,특수교육학개론,한홍석,2,월 15:00~16:50 [J202],전학년,,5,권장학년: 3-4학년
EDU2002-01,교육철학및교육사,한석훈,2,월 15:00~16:50 [J128],전학년,,16,권장학년: 1-4학년
EDU2003-01,교육심리,윤순경,2,수 16:30~18:20 [J128],전학년,,9,권장학년: 1-4학년
EDU2004-01,교육방법및교육공학,윤순경,2,수 10:30~12:20 [J327],전학년,,12,권장학년: 2-4학년
EDU3001-01,교육과정,양미경,2,"화,목 10:30~11:20 [J128]",전학년,,15,권장학년: 2-4학년
EDU3002-01,교육행정및교육경영,김재웅,2,월 09:00~09:50 / 수 10:30~11:20 [J128],전학년,,8,권장학년: 2-4학년
EDU3033-01,교육사회,정유성,2,"화,목 13:30~14:20 [RA204]",전학년,,27,권장학년: 2-4학년
EDU3034-01,학교현장실습,김재웅,2,,"3,4학년",,1,
EDU3035-01,교육봉사활동,김재웅,2,,"3,4학년",,0,
EDU3037-01,생활지도및상담,장영림,2,월 16:30~18:20 [J209],전학년,,12,권장학년: 2-4학년
JPN2001-01,중급일본어I,변정현,3,"화,목 09:00~10:15 [J313]",전학년,,4,권장학년: 1-4학년
JPN2002-01,중급일본어II,최은희,3,월 10:30~11:45 / 수 12:00~13:15 [J315],전학년,,1,권장학년: 1-4학년
JPN2005-01,일본어작문,서명진,3,"수,금 13:30~14:45 [J209]",전학년,,4,권장학년: 1-4학년
JPN2008-01,일본문학의이해,김계자,3,"화,목 10:30~11:45 [J202]",전학년,,5,권장학년: 1-4학년
JPN2013-01,일본문화특강I,유양근,3,수 15:00~17:45 [J307],전학년,,10,권장학년: 1-4학년
JPN2014-01,일본문화특강II,신혜경,3,"화,목 15:00~16:15 [J313]",전학년,,6,권장학년: 1-4학년
JPN3002-01,일본의법과사회,김경녀,3,월 15:00~16:15 / 수 16:30~17:45 [J317],전학년,,4,권장학년: 1-4학년
JPN3010-01,일본현지체험학습,윤병남,1,금 18:00~18:50,,,1,승인과목
JPN4013-01,일본경제특강,우경봉,3,목 15:00~17:45 [X426],전학년,,1,권장학년: 2-4학년
GES2001-01,현대사회와여성,박홍주,2,수 09:00~10:50 [J211],전학년,,6,권장학년: 1-4학년
GES3003-01,여성과취업,김현정,3,"화,목 10:30~11:45 [K404]","3,4학년",,7,권장학년: 3-4학년
GES3010-01,남성문화연구,정유성,3,"화,목 15:00~16:15 [J126]",전학년,,3,권장학년: 1-4학년
GES3013-01,한국여성사,강혜경,3,"화,목 16:30~17:45 [D303A]",전학년,,5,권장학년: 1-4학년
BNT3001-01,바이오융합기술프로젝트I,유양모,3,토 12:00~15:00 [K306],"2,3,4학년",,5,권장학년: 3-4학년
BNTG001-01,바이오테크놀로지,"조규봉, 신운섭, 오병근, 차혁진",3,목 15:00~18:00 [K204],"3,4학년",,7,권장학년: 3-4학년
BNTG008-01,바이오융합산업기술,김수경,3,월 16:30~19:15 [K204],"3,4학년",,8,권장학년: 3-4학년
BNTG031-01,지식재산권과특허,김현진,3,화 16:30~19:15 [K405],"3,4학년",,12,권장학년: 3-4학년
SPM3006-01,스포츠경영특강,오자왕,2,화 15:00~16:50 [MA404],전학년,,5,권장학년: 1-4학년
SPM3007-01,스포츠사회학,김한범,2,목 10:30~12:20 [K509],전학년,,1,권장학년: 1-4학년
SPM3008-01,스포츠커뮤니케이션,권기성,2,월 15:00~16:50 [K506],전학년,,7,권장학년: 1-4학년
SPM3011-01,스포츠생리학,김태형,2,금 10:30~12:20 [K507],전학년,,10,권장학년: 1-4학년
SPM3012-01,스포츠심리학,정용철,2,수 13:30~15:20 [K507],전학년,,3,영어강의
SPM3013-01,스포츠정치철학,이학준,2,월 12:00~13:50 [K507],전학년,,6,권장학년: 2-4학년
SPM3015-01,서사적체육:스포츠와스토리텔링,정용철,2,화 13:30~15:20 [K509],전학년,,6,권장학년: 1-4학년
SPM3101-01,스쿠바다이빙,윤용진,2,목 10:30~13:15,"3,4학년",,7,영어강의
SPM3101-02,스쿠바다이빙,민우식,2,수 12:00~14:45,"3,4학년",,4,권장학년: 3-4학년
SPM3103-01,패러글라이딩,박지선,2,수 12:00~14:45,"3,4학년",,8,권장학년: 3-4학년
SPM3106-01,체력트레이닝,최대혁,2,"화,목 15:00~16:15",전학년,,13,권장학년: 1-4학년
SPM3106-02,체력트레이닝,안현균,2,월 10:30~11:45 / 수 12:00~13:15,전학년,,9,권장학년: 1-4학년
SPM3111-01,참선,박성호,2,월 09:00~10:15 / 수 10:30~11:45,전학년,,6,권장학년: 1-4학년
SPM3111-02,참선,박영재,2,"수,금 09:00~10:15",전학년,,7,권장학년: 1-4학년
SPM3113-01,댄스스포츠I,김수미,1,화 10:30~12:20,전학년,,5,권장학년: 1-4학년
SPM3114-01,댄스스포츠II,김수미,1,월 10:30~12:20,전학년,,2,권장학년: 1-4학년
PUB2005-01,법과생활,윤광균,3,월 09:00~10:15 / 수 10:30~11:45 [D301],전학년,,9,권장학년: 1-4학년
PUB3001-01,국민의기본적권리에대한이해,임지봉,3,"화,목 13:30~14:45 [X233]",전학년,,18,영어강의
PUB3003-01,법치행정의이해,정하중,3,"화,목 15:00~16:15 [X349]","2,3,4학년",,10,권장학년: 1-4학년
PUB3004-01,재산관계와법I,홍윤선,3,"화,목 09:00~10:15 [X428]",전학년,,3,권장학년: 1-4학년
PUB3008-01,범죄와형벌의이해,최우찬,3,"화,목 10:30~11:45 [X426]",전학년,,4,권장학년: 1-4학년
PUB3010-01,기업과법,장덕조,3,"화,목 10:30~11:45 [X231]",전학년,,4,권장학년: 1-4학년
PUB3012-01,국가와법,정재도,3,"화,목 10:30~11:45 [X353]",전학년,,13,권장학년: 1-4학년
KOS2007-01,Introductory Seminar in Korean Studies,"De Fremery, Peter Wayne",3,"수,금 13:30~14:45 [X353]",전학년,,20,영어강의
KOS2102-01,Korean Language&History-Intermediate,박미영,3,"화,목 12:00~13:15 [X429]",전학년,,5,권장학년: 
KOS2201-01,Intro to Korea thru Literature and Film,"De Fremery, Peter Wayne",3,"수,금 15:00~16:15 [X353]",전학년,,3,영어강의
KOS2204-01,Introduction to Korean History,김동택,3,"화,목 10:30~11:45 [X429]",전학년,,27,영어강의
KOS2205-01,Topics in Korea Today,도지인,3,"월,금 16:30~17:45 [X349]",전학년,,2,영어강의
KOS3006-01,East asian development Revisited,장대업,3,"화,목 13:30~14:45 [X353]",전학년,,10,영어강의
KOS3017-01,Social Change&Movement in Contemporary Korea,이승원,3,월 15:00~16:15 / 수 16:30~17:45 [X429],전학년,,19,영어강의
KOS3030-01,Theorising Korean Development,장대업,3,"화,목 15:00~16:15 [X353]",전학년,,5,영어강의
KOS3041-01,Korean Studies in Practice I (Capstone),김동택,3,"화,목 16:30~17:45 [X353]",전학년,,19,영어강의
ANT2001-01,Modern&Contemporary Art(Capstone design),이보아,3,"수,금 13:30~14:45 [X429]",전학년,,38,영어강의
ANT2003-01,Humanities & creativity,김상용,3,"화,목 15:00~16:15 [X429]",전학년,,35,영어강의
ANT2004-01,Drawing(Capstone design),이보아,3,"수,금 15:00~16:15 [X515]",전학년,,37,영어강의
ANT2005-01,Computer Graphics,김주섭,3,"화,목 13:30~14:45 [X513]",전학년,,10,영어강의
ANT2006-01,Intro to Art & Technology,권강현,3,"월,금 16:30~17:45 [X429]",전학년,,31,권장학년: 1-4학년
ANT2009-01,Digital Fabrication(Capstone design),최용순,3,"화,목 15:00~16:15 [X513]",전학년,,17,영어강의
ANT2010-01,Intro to Creative Computing,김주섭,3,"화,목 16:30~17:45 [X513]",전학년,,34,영어강의
ANT3003-01,Web Studio,최용순,3,월 15:00~16:15 / 수 16:30~17:45 [X513],전학년,,18,영어강의
ANT3010-01,3D Animation Studio I,이재진,3,"화,목 10:30~11:45 [X513]",전학년,,17,권장학년: 2-4학년
ANT3017-01,Sound Design,"Clay,Keith Arthur",3,월 12:00~13:15 / 금 10:30~11:45 [X513],전학년,,3,영어강의
ANT4002-01,졸업창작프로젝트I,김주섭,1,,전학년,,0,
ANT4004-01,Storytelling Workshop,김상용,3,"화,목 16:30~17:45 [X429]",전학년,,18,영어강의
ANT4006-01,졸업창작프로젝트II,이보아,1,,전학년,,0,
ANT4008-01,Physical Computing Studio,"Noah,Shibley",3,"월,금 16:30~17:45 [X513]",전학년,,1,영어강의
ANT4010-01,졸업창작프로젝트III,김상용,1,,전학년,,0,
ANT4012-01,Immersive Media Studio,권강현,3,월 13:30~14:45 / 금 12:00~13:15 [X513],전학년,,16,권장학년: 3-4학년
ANT4013-01,Creative Capstone Project II,최용순,3,,전학년,,0,
SUA2004-01,기업가정신과사업기회포착,송준호,3,목 15:00~17:45 [K509],전학년,,7,권장학년: 3-4학년
SUA2005-01,실전스타트업(캐쉬클래스),오영호,3,"수,금 13:30~14:45 [K406]",전학년,,5,권장학년: 1-4학년
SUA4005-01,기업과지식재산,홍철기,3,화 15:00~17:45 [MA201],전학년,,2,권장학년: 1-4학년
CSW1010-01,IT개론,이지선,3,"수,금 15:00~16:15 [K502]",전학년,,40,권장학년: 2-4학년
CSW3010-01,알고리즘입문,장직현,3,"화,목 15:00~16:15 [K212]",전학년,,9,권장학년: 2-4학년
CSW3020-01,운영체제입문,김규호,3,"화,목 16:30~17:45 [K306]",전학년,,8,권장학년: 2-4학년
CSW3040-01,소프트웨어공학입문,박수진,3,"월,금 16:30~17:45 [K309]",전학년,,2,권장학년: 2-4학년
KIC2003-01,개발경제론,윤석준,3,"화,목 10:30~11:45 [D303B]",전학년,,12,권장학년: 1-4학년
KIC3016-01,국제개발협력실습II,김동택,3,토 09:00~11:45 [X353],,,0,승인과목
EUR2201-01,기초독어,"Jungk, Erik-Joachim",3,"화,목 12:00~13:15 [J219]",전학년,,14,권장학년: 1-2학년
EUR2243-01,독일예술감상,조원규,3,"수,금 15:00~16:15 [J219]",전학년,,22,권장학년: 2-4학년
EUR2301-01,기초프랑스어,최현무,3,월 12:00~13:15 / 금 10:30~11:45 [J313],전학년,,4,권장학년: 1-2학년
EUR2302-01,쉬운프랑스어읽기,박정섭,3,"화,목 10:30~11:45 [J219]",전학년,,12,권장학년: 1-2학년
EUR2303-01,프랑스어문법1,김이정,3,"화,목 12:00~13:15 [J204]",전학년,,11,권장학년: 1-2학년
EUR3218-01,게르만인과언어,송완용,3,"화,목 15:00~16:15 [J319]",전학년,,12,권장학년: 2-4학년
EUR3233-01,독일낭만주의문학,김연신,3,"화,목 13:30~14:45 [J325]",전학년,,7,권장학년: 2-4학년
EUR3237-01,독일어권문학연구,허정화,3,월 13:30~14:45 / 금 12:00~13:15 [J202],전학년,,4,권장학년: 2-4학년
EUR3244-01,독일어권문화탐방,이민수,3,월 12:00~13:15 / 금 10:30~11:45 [J207],전학년,,12,권장학년: 2-4학년
EUR3245-01,독일문화사,송완용,3,"수,금 13:30~14:45 [J217]",전학년,,12,권장학년: 2-4학년
EUR3321-01,시청각프랑스어2,"Castagnes, Gilles Yves",3,"수,금 09:00~10:15 [J207]",전학년,,12,권장학년: 3-4학년
EUR3323-01,프랑스어작문1,박정섭,3,"화,목 13:30~14:45 [J219]",전학년,,15,권장학년: 2-4학년
EUR3327-01,연극을통한프랑스어연습,권현정,3,"화,목 12:00~13:15 [J311]","2,3,4학년",,6,권장학년: 2-4학년
EUR3340-01,프랑스문학강독1,최현무,3,월 13:30~14:45 / 금 12:00~13:15 [J313],전학년,,10,권장학년: 2-4학년
EUR3348-01,프랑스시,"Castagnes, Gilles Yves",3,"수,금 15:00~16:15 [J317]",전학년,,5,권장학년: 2-4학년
EUR3361-01,프랑스어권의다문화,"Malin, Franck",3,"화,목 15:00~16:15 [J202]",전학년,,5,권장학년: 2-4학년
EUR3364-01,프랑스문화강독1,전종호,3,"화,목 16:30~17:45 [J219]",전학년,,6,권장학년: 2-4학년
EUR4207-01,시사독일어,"Jungk, Erik-Joachim",3,"화,목 16:30~17:45 [J313]",전학년,,6,권장학년: 2-4학년
EUR4381-01,시청각프랑스어4,"Malin, Franck",3,"화,목 10:30~11:45 [J321]",전학년,,0,권장학년: 3-4학년
EURG211-01,고급독어,김형민,3,월 10:30~11:45 / 수 12:00~13:15 [J122],전학년,,5,권장학년: 2-4학년
EURG304-01,프랑스어강독과번역,권현정,3,금 10:30~13:30 [J122],전학년,,6,권장학년: 2-4학년
